date,value,breadth_200,breadth_50
2007-01-05,1409.7099609375,0.0,0.0
2007-01-08,1412.8399658203125,0.0,0.0
2007-01-09,1412.1099853515625,0.0,0.0
2007-01-10,1414.8499755859375,0.0,0.0
2007-01-11,1423.8199462890625,0.0,0.0
2007-01-12,1430.72998046875,0.0,0.0
2007-01-16,1431.9000244140625,0.0,0.0
2007-01-17,1430.6199951171875,0.0,0.0
2007-01-18,1426.3699951171875,0.0,0.0
2007-01-19,1430.5,0.0,0.0
2007-01-22,1422.949951171875,0.0,0.0
2007-01-23,1427.989990234375,0.0,0.0
2007-01-24,1440.1300048828125,0.0,0.0
2007-01-25,1423.9000244140625,0.0,0.0
2007-01-26,1422.1800537109375,0.0,0.0
2007-01-29,1420.6199951171875,0.0,0.0
2007-01-30,1428.8199462890625,0.0,0.0
2007-01-31,1438.239990234375,0.0,0.0
2007-02-01,1445.93994140625,0.0,0.0
2007-02-02,1448.3900146484375,0.0,0.0
2007-02-05,1446.989990234375,0.0,0.0
2007-02-06,1448.0,0.0,0.0
2007-02-07,1450.02001953125,0.0,0.0
2007-02-08,1448.31005859375,0.0,0.0
2007-02-09,1438.06005859375,0.0,0.0
2007-02-12,1433.3699951171875,0.0,0.0
2007-02-13,1444.260009765625,0.0,0.0
2007-02-14,1455.300048828125,0.0,0.0
2007-02-15,1456.81005859375,0.0,0.0
2007-02-16,1455.5400390625,0.0,0.0
2007-02-20,1459.6800537109375,0.0,0.0
2007-02-21,1457.6300048828125,0.0,0.0
2007-02-22,1456.3800048828125,0.0,0.0
2007-02-23,1451.18994140625,0.0,0.0
2007-02-26,1449.3699951171875,0.0,0.0
2007-02-27,1399.0400390625,0.0,0.0
2007-02-28,1406.8199462890625,0.0,0.0
2007-03-01,1403.1700439453125,0.0,0.0
2007-03-02,1387.1700439453125,0.0,0.0
2007-03-05,1374.1199951171875,0.0,0.0
2007-03-06,1395.4100341796875,0.0,0.0
2007-03-07,1391.969970703125,0.0,0.0
2007-03-08,1401.8900146484375,0.0,0.0
2007-03-09,1402.8399658203125,0.0,0.0
2007-03-12,1406.5999755859375,0.0,0.0
2007-03-13,1377.949951171875,0.0,0.0
2007-03-14,1387.1700439453125,0.0,0.0
2007-03-15,1392.280029296875,0.0,12.51049550374349
2007-03-16,1386.949951171875,0.0,23.929471333821613
2007-03-19,1402.06005859375,0.0,37.86733881632487
2007-03-20,1410.93994140625,0.0,40.7220827738444
2007-03-21,1435.0400390625,0.0,49.87405649820963
2007-03-22,1434.5400390625,0.0,55.869187672932945
2007-03-23,1436.1099853515625,0.0,61.19071578979492
2007-03-26,1437.5,0.0,60.385260264078774
2007-03-27,1428.6099853515625,0.0,58.291456858317055
2007-03-28,1417.22998046875,0.0,53.43383534749349
2007-03-29,1422.530029296875,0.0,50.04261016845703
2007-03-30,1420.8599853515625,0.0,48.577683766682945
2007-04-02,1424.550048828125,0.0,49.54051717122396
2007-04-03,1437.77001953125,0.0,53.21637217203776
2007-04-04,1439.3699951171875,0.0,56.72514343261719
2007-04-05,1443.760009765625,0.0,60.73516845703125
2007-04-09,1444.6099853515625,0.0,61.82121912638346
2007-04-10,1448.3900146484375,0.0,63.32497914632162
2007-04-11,1438.8699951171875,0.0,61.570594787597656
2007-04-12,1447.800048828125,0.0,61.570594787597656
2007-04-13,1452.8499755859375,0.0,62.07184855143229
2007-04-16,1468.3299560546875,0.0,68.17042795817058
2007-04-17,1471.47998046875,0.0,73.18295796712239
2007-04-18,1472.5,0.0,77.44360860188802
2007-04-19,1470.72998046875,0.0,77.29740905761719
2007-04-20,1484.3499755859375,0.0,77.48203786214192
2007-04-23,1480.9300537109375,0.0,77.83333333333333
2007-04-24,1480.4100341796875,0.0,78.0
2007-04-25,1495.4200439453125,0.0,77.83333333333333
2007-04-26,1494.25,0.0,77.75
2007-04-27,1494.0699462890625,0.0,79.08333333333333
2007-04-30,1482.3699951171875,0.0,76.0
2007-05-01,1486.300048828125,0.0,72.58333333333333
2007-05-02,1495.9200439453125,0.0,71.66666666666667
2007-05-03,1502.3900146484375,0.0,73.93661499023438
2007-05-04,1505.6199951171875,0.0,76.80726114908855
2007-05-07,1509.47998046875,0.0,77.59208679199219
2007-05-08,1507.719970703125,0.0,78.52404530843098
2007-05-09,1512.5799560546875,0.0,79.68490854899089
2007-05-10,1491.469970703125,0.0,77.52902221679688
2007-05-11,1505.8499755859375,0.0,76.8656743367513
2007-05-14,1503.1500244140625,0.0,74.37811279296875
2007-05-15,1501.18994140625,0.0,73.49090321858723
2007-05-16,1514.1400146484375,0.0,73.34460957845052
2007-05-17,1512.75,0.0,72.95285288492839
2007-05-18,1522.75,0.0,74.35897318522136
2007-05-21,1525.0999755859375,0.0,74.19355010986328
2007-05-22,1524.1199951171875,0.0,75.84780883789062
2007-05-23,1522.280029296875,0.0,75.68238067626953
2007-05-24,1507.510009765625,0.0,72.04300689697266
2007-05-25,1515.72998046875,0.0,68.65177663167317
2007-05-29,1518.1099853515625,0.0,67.82464853922527
2007-05-30,1530.22998046875,0.0,70.6368891398112
2007-05-31,1530.6199951171875,0.0,73.69726816813152
2007-06-01,1536.3399658203125,0.0,75.9305191040039
2007-06-04,1539.1800537109375,0.0,77.33664194742839
2007-06-05,1530.949951171875,0.0,75.59967041015625
2007-06-06,1517.3800048828125,0.0,71.38130696614583
2007-06-07,1490.719970703125,0.0,61.45574824015299
2007-06-08,1507.6700439453125,0.0,57.5682373046875
2007-06-11,1509.1199951171875,0.0,55.004136403401695
2007-06-12,1493.0,0.0,54.50785827636719
2007-06-13,1515.6700439453125,0.0,54.17700703938802
2007-06-14,1522.969970703125,0.0,55.697163899739586
2007-06-15,1532.9100341796875,0.0,61.764488220214844
2007-06-18,1531.050048828125,0.0,63.036301930745445
2007-06-19,1533.699951171875,0.0,62.95379511515299
2007-06-20,1512.8399658203125,0.0,58.99339930216471
2007-06-21,1522.18994140625,0.0,56.68316904703776
2007-06-22,1502.56005859375,0.0,51.61166127522787
2007-06-25,1497.739990234375,0.0,48.605305989583336
2007-06-26,1492.8900146484375,0.0,44.0329221089681
2007-06-27,1506.3399658203125,0.0,44.85596593221029
2007-06-28,1505.7099609375,0.0,46.74897003173828
2007-06-29,1503.3499755859375,0.0,48.7242800394694
2007-07-02,1519.4300537109375,0.0,50.86419932047526
2007-07-03,1524.8699951171875,0.0,53.580247243245445
2007-07-05,1525.4000244140625,0.0,56.62551498413086
2007-07-06,1530.43994140625,0.0,58.51851908365885
2007-07-09,1531.8499755859375,0.0,59.42387008666992
2007-07-10,1510.1199951171875,0.0,56.954733530680336
2007-07-11,1518.760009765625,0.0,54.32098897298177
2007-07-12,1547.699951171875,0.0,55.80247116088867
2007-07-13,1552.5,0.0,61.316874186197914
2007-07-16,1549.52001953125,0.0,64.36214065551758
2007-07-17,1549.3699951171875,0.0,63.53909556070963
2007-07-18,1546.1700439453125,0.0,61.72839609781901
2007-07-19,1553.0799560546875,0.0,62.05761464436849
2007-07-20,1534.0999755859375,0.0,59.835391998291016
2007-07-23,1541.5699462890625,0.0,58.5185178120931
2007-07-24,1511.0400390625,0.0,52.01646041870117
2007-07-25,1518.0899658203125,0.0,48.72427876790365
2007-07-26,1482.6600341796875,0.0,39.83539072672526
2007-07-27,1458.949951171875,0.0,32.7385508219401
2007-07-30,1473.9100341796875,0.0,26.871819814046223
2007-07-31,1455.27001953125,0.0,24.95894940694173
2007-08-01,1465.81005859375,0.0,26.929393132527668
2007-08-02,1472.199951171875,0.0,28.571428298950195
2007-08-03,1433.06005859375,0.0,27.996716181437176
2007-08-06,1467.6700439453125,0.0,28.981937408447266
2007-08-07,1476.7099609375,0.0,29.556650797526043
2007-08-08,1497.489990234375,0.0,37.43842379252116
2007-08-09,1453.0899658203125,0.0,37.027914683024086
2007-08-10,1453.6400146484375,0.0,35.55008188883463
2007-08-13,1452.9200439453125,0.0,30.29556655883789
2007-08-14,1426.5400390625,0.0,27.422003428141277
2007-08-15,1406.699951171875,0.0,21.92118231455485
2007-08-16,1411.27001953125,0.0,16.748768488566082
2007-08-17,1445.93994140625,0.0,17.898193359375
2007-08-20,1445.550048828125,0.0,21.756978670756023
2007-08-21,1447.1199951171875,0.0,26.19047673543294
2007-08-22,1464.0699462890625,0.0,30.21346600850423
2007-08-23,1462.5,0.0,33.41543706258138
2007-08-24,1479.3699951171875,0.0,39.08046086629232
2007-08-27,1466.7900390625,0.0,38.834154764811196
2007-08-28,1432.3599853515625,0.0,34.154350916544594
2007-08-29,1463.760009765625,0.0,31.19868532816569
2007-08-30,1457.6400146484375,0.0,30.952380498250324
2007-08-31,1473.989990234375,0.0,39.1625607808431
2007-09-04,1489.4200439453125,0.0,45.32019805908203
2007-09-05,1472.2900390625,0.0,48.357964833577476
2007-09-06,1478.550048828125,0.0,49.6715939839681
2007-09-07,1453.550048828125,0.0,43.267651875813804
2007-09-10,1451.699951171875,0.0,39.655171712239586
2007-09-11,1471.489990234375,0.0,37.27421951293945
2007-09-12,1471.56005859375,0.0,39.819375356038414
2007-09-13,1483.949951171875,0.0,44.7454833984375
2007-09-14,1484.25,0.0,47.45484161376953
2007-09-17,1476.6500244140625,0.0,49.50738779703776
2007-09-18,1519.780029296875,0.0,56.650245666503906
2007-09-19,1529.030029296875,0.0,65.18883514404297
2007-09-20,1518.75,0.0,73.0706075032552
2007-09-21,1525.75,0.0,74.5484390258789
2007-09-24,1517.72998046875,0.0,72.49589538574219
2007-09-25,1517.2099609375,0.0,71.42857106526692
2007-09-26,1525.4200439453125,0.0,71.34647115071614
2007-09-27,1531.3800048828125,0.0,73.89162699381511
2007-09-28,1526.75,0.0,75.61576588948567
2007-10-01,1547.0400390625,0.0,78.4893290201823
2007-10-02,1546.6300048828125,0.0,80.04926045735677
2007-10-03,1539.5899658203125,0.0,82.26601155598958
2007-10-04,1542.8399658203125,0.0,81.85550181070964
2007-10-05,1557.5899658203125,0.0,83.08703104654948
2007-10-08,1552.5799560546875,0.0,84.64696248372395
2007-10-09,1565.1500244140625,0.0,86.28899892171223
2007-10-10,1562.469970703125,0.0,86.61740620930989
2007-10-11,1554.4100341796875,0.0,85.63218434651692
2007-10-12,1561.800048828125,0.0,85.13957214355469
2007-10-15,1548.7099609375,0.0,82.92282358805339
2007-10-16,1538.530029296875,0.0,80.7060775756836
2007-10-17,1541.239990234375,64.28571,77.42200724283855
2007-10-18,1540.0799560546875,63.30049,75.28735860188802
2007-10-19,1500.6300048828125,55.91133,68.06239827473958
2007-10-22,1506.3299560546875,59.1133,63.54679743448893
2007-10-23,1519.5899658203125,60.098522,60.01641972859701
2007-10-24,1515.8800048828125,59.1133,62.80788040161133
2007-10-25,1514.4000244140625,58.96806,62.34774907430013
2007-10-26,1535.280029296875,62.653564,63.19680658976237
2007-10-29,1540.97998046875,62.89926,63.96396255493164
2007-10-30,1531.02001953125,60.933662,65.02866236368816
2007-10-31,1549.3800048828125,66.09337,66.2571652730306
2007-11-01,1508.43994140625,55.773956,61.752662658691406
2007-11-02,1509.6500244140625,56.019657,57.903358459472656
2007-11-05,1502.1700439453125,54.05405,50.7780507405599
2007-11-06,1520.27001953125,57.49386,50.614251454671226
2007-11-07,1475.6199951171875,49.14005,46.60114669799805
2007-11-08,1474.77001953125,51.84275,44.144143422444664
2007-11-09,1453.699951171875,47.91155,38.656837463378906
2007-11-12,1439.1800537109375,47.174446,36.11793518066406
2007-11-13,1481.050048828125,54.05405,37.34643681844076
2007-11-14,1470.5799560546875,51.597054,38.98443730672201
2007-11-15,1451.1500244140625,48.77451,39.938332875569664
2007-11-16,1458.739990234375,50.0,37.94121551513672
2007-11-19,1433.27001953125,45.343136,34.31372515360514
2007-11-20,1439.699951171875,46.81373,32.434640884399414
2007-11-21,1416.77001953125,43.38235,28.104576110839844
2007-11-23,1440.699951171875,46.32353,28.104576110839844
2007-11-26,1407.219970703125,41.911766,26.062091827392578
2007-11-27,1428.22998046875,43.87255,26.388888676961262
2007-11-28,1469.02001953125,51.715683,29.901961008707683
2007-11-29,1469.719970703125,51.47059,35.21241887410482
2007-11-30,1481.1400146484375,53.431374,40.93137232462565
2007-12-03,1472.4200439453125,52.205883,41.42156855265299
2007-12-04,1462.7900390625,51.22549,40.604574839274086
2007-12-05,1485.010009765625,54.166668,41.50326792399088
2007-12-06,1507.3399658203125,58.57843,46.97712326049805
2007-12-07,1504.6600341796875,58.823532,54.330064137776695
2007-12-10,1515.9599609375,60.294117,60.375816345214844
2007-12-11,1477.6500244140625,54.166668,56.0457509358724
2007-12-12,1486.5899658203125,55.39216,52.777777353922524
2007-12-13,1488.4100341796875,55.637253,48.03921635945638
2007-12-14,1467.949951171875,50.245102,47.4673220316569
2007-12-17,1445.9000244140625,45.343136,41.58496920267741
2007-12-18,1454.97998046875,46.07843,37.418301264444985
2007-12-19,1453.0,46.568626,35.37581698099772
2007-12-20,1460.1199951171875,48.284313,38.56209182739258
2007-12-21,1484.4599609375,51.715683,43.46405156453451
2007-12-24,1496.449951171875,54.411762,50.98039245605469
2007-12-26,1497.6600341796875,54.166668,56.781045277913414
2007-12-27,1476.27001953125,50.0,55.637255350748696
2007-12-28,1478.489990234375,49.509804,53.18627421061198
2007-12-31,1468.3599853515625,47.794117,49.183006286621094
2008-01-02,1447.1600341796875,42.298286,43.84558232625326
2008-01-03,1447.1600341796875,40.586796,37.20176696777344
2008-01-04,1411.6300048828125,37.408314,28.280358632405598
2008-01-07,1416.1800537109375,38.141808,25.67237154642741
2008-01-08,1390.18994140625,34.474327,21.841890970865887
2008-01-09,1409.1300048828125,35.941322,22.982884724934895
2008-01-10,1420.3299560546875,36.430317,24.042378743489582
2008-01-11,1401.02001953125,34.718826,24.69437535603841
2008-01-14,1416.25,36.674816,25.264872868855793
2008-01-15,1380.949951171875,31.540342,22.004889806111652
2008-01-16,1373.199951171875,30.07335,20.048899968465168
2008-01-17,1333.25,23.471884,15.32192357381185
2008-01-18,1325.18994140625,22.00489,11.980440457661947
2008-01-22,1310.5,18.826406,8.96495532989502
2008-01-23,1338.5999755859375,22.24939,11.328443845113119
2008-01-24,1352.0699462890625,22.24939,13.528932571411133
2008-01-25,1330.6099853515625,20.537897,15.566422462463379
2008-01-28,1353.9599609375,22.982885,16.136919339497883
2008-01-29,1362.300048828125,24.449877,18.90790589650472
2008-01-30,1355.81005859375,22.738386,21.515892664591473
2008-01-31,1378.550048828125,28.11736,25.50937271118164
2008-02-01,1395.4200439453125,34.22983,31.051345189412434
2008-02-04,1380.8199462890625,30.806845,36.022820154825844
2008-02-05,1336.6400146484375,22.493887,33.25183359781901
2008-02-06,1326.449951171875,20.782396,26.650365829467773
2008-02-07,1336.9100341796875,23.716381,22.98288408915202
2008-02-08,1331.2900390625,22.00489,22.249387741088867
2008-02-11,1339.1300048828125,23.716381,23.471881866455078
2008-02-12,1348.8599853515625,25.183374,24.04238001505534
2008-02-13,1367.2099609375,27.87286,29.095354715983074
2008-02-14,1348.8599853515625,23.716381,30.969844818115234
2008-02-15,1349.989990234375,23.227383,32.11083857218424
2008-02-19,1348.780029296875,23.96088,29.665851593017578
2008-02-20,1360.030029296875,25.916872,31.540342966715496
2008-02-21,1342.530029296875,22.00489,31.458843231201172
2008-02-22,1353.1099853515625,23.716381,33.82233174641927
2008-02-25,1371.800048828125,29.095354,37.000815073649086
2008-02-26,1381.2900390625,32.273838,44.17278035481771
2008-02-27,1380.02001953125,30.317848,49.30725351969401
2008-02-28,1367.6800537109375,27.87286,48.73675664265951
2008-02-29,1330.6300048828125,22.24939,41.40179189046224
2008-03-03,1331.3399658203125,22.982885,34.55582618713379
2008-03-04,1326.75,23.227383,30.236348470052082
2008-03-05,1333.699951171875,24.20538,31.70334243774414
2008-03-06,1304.3399658203125,21.026894,29.176855087280273
2008-03-07,1293.3699951171875,18.826406,25.672372182210285
2008-03-10,1273.3699951171875,14.425428,19.152403831481934
2008-03-11,1320.6500244140625,21.271395,22.004890124003094
2008-03-12,1308.77001953125,21.271395,25.42787265777588
2008-03-13,1315.47998046875,21.760391,32.0293394724528
2008-03-14,1288.1400146484375,18.337408,29.991849263509113
2008-03-17,1276.5999755859375,16.09756,27.69117609659831
2008-03-18,1330.739990234375,24.390244,30.183472951253254
2008-03-19,1298.4200439453125,20.194647,32.25050926208496
2008-03-20,1329.510009765625,24.3309,39.12566947937012
2008-03-24,1349.8800048828125,29.197079,42.903486251831055
2008-03-25,1352.989990234375,30.170315,51.500404357910156
2008-03-26,1341.1300048828125,27.250608,55.15003967285156
2008-03-27,1325.760009765625,26.034063,53.36577479044596
2008-03-28,1315.219970703125,23.844282,47.445255279541016
2008-03-31,1322.699951171875,25.060827,44.84995905558268
2008-04-01,1370.1800537109375,34.793186,52.23033142089844
2008-04-02,1367.530029296875,35.036495,62.69261805216471
2008-04-03,1369.31005859375,36.25304,71.12732950846355
2008-04-04,1370.4000244140625,36.49635,71.85725911458333
2008-04-07,1372.5400390625,36.73966,72.26277414957683
2008-04-08,1365.5400390625,35.523113,70.64071655273438
2008-04-09,1354.489990234375,31.63017,66.74777094523112
2008-04-10,1360.550048828125,32.60341,64.4768892923991
2008-04-11,1332.8299560546875,26.76399,59.93511962890625
2008-04-14,1328.3199462890625,26.76399,56.691000620524086
2008-04-15,1334.4300537109375,29.197079,53.04136276245117
2008-04-16,1364.7099609375,38.686134,58.47526295979818
2008-04-17,1365.56005859375,37.956203,64.47688293457031
2008-04-18,1390.3299560546875,43.309002,71.77615356445312
2008-04-21,1388.1700439453125,41.60584,73.39821370442708
2008-04-22,1375.93994140625,37.712894,72.50608317057292
2008-04-23,1379.9300537109375,41.99029,70.09779866536458
2008-04-24,1388.8199462890625,44.902912,69.14739735921223
2008-04-25,1397.8399658203125,47.087376,72.41100565592448
2008-04-28,1396.3699951171875,47.330097,75.56634267171223
2008-04-29,1390.93994140625,46.116505,77.34628041585286
2008-04-30,1385.5899658203125,45.38835,77.10355885823567
2008-05-01,1409.3399658203125,51.941746,78.23624674479167
2008-05-02,1413.9000244140625,52.912624,79.7734603881836
2008-05-05,1407.489990234375,50.728153,81.63430531819661
2008-05-06,1418.260009765625,52.6699,81.47249094645183
2008-05-07,1392.5699462890625,47.457626,79.3080062866211
2008-05-08,1397.6800537109375,49.152542,77.38643391927083
2008-05-09,1388.280029296875,48.91041,74.09200795491536
2008-05-12,1403.5799560546875,52.54237,75.3026631673177
2008-05-13,1403.0400390625,52.300243,76.51331837972005
2008-05-14,1408.6600341796875,54.721554,79.25746663411458
2008-05-15,1423.5699462890625,59.079903,80.46811930338542
2008-05-16,1425.3499755859375,58.59564,81.35592905680339
2008-05-19,1426.6300048828125,60.048424,81.67876942952473
2008-05-20,1413.4000244140625,55.690075,79.33817291259766
2008-05-21,1390.7099609375,51.33172,74.17271931966145
2008-05-22,1394.3499755859375,51.33172,69.08797454833984
2008-05-23,1375.9300537109375,47.457626,63.680389404296875
2008-05-27,1385.3499755859375,48.66828,63.11541748046875
2008-05-28,1390.8399658203125,51.089592,63.034708658854164
2008-05-29,1398.260009765625,54.721554,66.74738057454427
2008-05-30,1400.3800048828125,55.44794,68.44229634602864
2008-06-02,1385.6700439453125,49.636806,66.58595784505208
2008-06-03,1377.6500244140625,48.42615,62.71186447143555
2008-06-04,1377.199951171875,51.57385,59.88700612386068
2008-06-05,1404.050048828125,58.35351,63.51896667480469
2008-06-06,1360.6800537109375,45.27845,60.936239878336586
2008-06-09,1361.760009765625,45.03632,57.384986877441406
2008-06-10,1358.43994140625,44.55206,50.04035568237305
2008-06-11,1335.489990234375,39.22518,45.60129038492838
2008-06-12,1339.8699951171875,40.920097,42.615011850992836
2008-06-13,1360.030029296875,45.03632,43.09927241007487
2008-06-16,1360.1400146484375,46.489105,47.13478469848633
2008-06-17,1350.9300537109375,44.2029,47.906795501708984
2008-06-18,1337.81005859375,41.545895,44.40408833821615
2008-06-19,1342.8299560546875,43.719807,42.270530700683594
2008-06-20,1317.9300537109375,39.130436,38.566827138264976
2008-06-23,1318.0,38.164253,35.426730473836265
2008-06-24,1314.2900390625,36.714977,28.985507329305012
2008-06-25,1321.969970703125,39.130436,28.099838892618816
2008-06-26,1283.1500244140625,31.159418,23.349436442057293
2008-06-27,1278.3800048828125,30.193237,20.370369911193848
2008-06-30,1280.0,29.710144,15.780998547871908
2008-07-01,1284.9100341796875,30.193237,15.378422101338705
2008-07-02,1261.52001953125,25.603863,14.734299977620443
2008-07-03,1262.9000244140625,24.879227,12.962963104248047
2008-07-07,1252.31005859375,23.188406,10.789050102233887
2008-07-08,1273.699951171875,29.710144,11.19162623087565
2008-07-09,1244.68994140625,25.603863,12.238325119018555
2008-07-10,1253.3900146484375,27.777779,13.848631223042807
2008-07-11,1239.489990234375,26.3285,12.962963104248047
2008-07-14,1228.300048828125,24.15459,12.157809893290201
2008-07-15,1214.9100341796875,23.188406,11.352656682332357
2008-07-16,1245.3599853515625,28.743961,13.123992919921875
2008-07-17,1260.3199462890625,30.434782,18.115941047668457
2008-07-18,1260.6800537109375,31.88406,22.544282913208008
2008-07-21,1260.0,32.125603,24.637680689493816
2008-07-22,1277.0,35.024155,26.892108917236328
2008-07-23,1282.18994140625,35.74879,31.80354181925456
2008-07-24,1252.5400390625,29.710144,33.49436378479004
2008-07-25,1257.760009765625,30.434782,32.76972643534342
2008-07-28,1234.3699951171875,28.502417,27.697262446085613
2008-07-29,1263.199951171875,33.091785,30.67632802327474
2008-07-30,1284.260009765625,35.265697,34.057970682779946
2008-07-31,1267.3800048828125,34.057972,39.37198003133138
2008-08-01,1260.31005859375,32.36715,39.291464487711586
2008-08-04,1249.010009765625,31.642511,38.08373514811198
2008-08-05,1284.8800048828125,39.613525,42.028985341389976
2008-08-06,1289.18994140625,40.09662,48.2286631266276
2008-08-07,1266.0699462890625,36.47343,51.12721379597982
2008-08-08,1296.3199462890625,44.927536,53.94524892171224
2008-08-11,1305.3199462890625,48.30918,57.08534622192383
2008-08-12,1289.5899658203125,44.68599,62.23832448323568
2008-08-13,1285.8299560546875,44.2029,62.23832448323568
2008-08-14,1292.9300537109375,45.652176,61.91626230875651
2008-08-15,1298.199951171875,48.06763,64.09017690022786
2008-08-18,1278.5999755859375,45.652176,64.97584533691406
2008-08-19,1266.68994140625,41.545895,62.31884256998698
2008-08-20,1274.5400390625,43.47826,59.09823099772135
2008-08-21,1277.719970703125,41.78744,57.085347493489586
2008-08-22,1292.199951171875,47.101448,59.98389689127604
2008-08-25,1266.8399658203125,41.545895,58.615135192871094
2008-08-26,1271.510009765625,42.028984,58.93719736735026
2008-08-27,1281.6600341796875,45.89372,58.051527659098305
2008-08-28,1300.6800537109375,50.966187,64.00966008504231
2008-08-29,1282.8299560546875,46.61836,66.58614985148112
2008-09-02,1277.5799560546875,47.826088,67.55233510335286
2008-09-03,1274.97998046875,45.652176,64.25120671590169
2008-09-04,1236.8299560546875,36.47343,58.61513646443685
2008-09-05,1242.31005859375,36.95652,52.81803512573242
2008-09-08,1267.7900390625,44.2029,52.17391459147135
2008-09-09,1224.510009765625,36.95652,52.33494440714518
2008-09-10,1232.0400390625,36.95652,52.657005310058594
2008-09-11,1249.050048828125,40.57971,50.4025764465332
2008-09-12,1251.699951171875,41.0628,52.173912048339844
2008-09-15,1192.699951171875,32.125603,48.38969294230143
2008-09-16,1213.5999755859375,38.164253,45.57165781656901
2008-09-17,1156.3900146484375,27.294687,36.31239891052246
2008-09-18,1206.510009765625,38.164253,38.24476559956869
2008-09-19,1255.0799560546875,47.342995,39.93558692932129
2008-09-22,1207.0899658203125,33.333336,41.94846979777018
2008-09-23,1188.219970703125,28.985506,37.520128885904946
2008-09-24,1185.8699951171875,28.502417,29.307567596435547
2008-09-25,1209.1800537109375,33.816425,29.14653778076172
2008-09-26,1213.27001953125,34.057972,30.59581247965495
2008-09-29,1106.4200439453125,21.014492,26.650563557942707
2008-09-30,1166.3599853515625,27.053139,23.188405354817707
2008-10-01,1161.06005859375,25.845411,18.67954953511556
2008-10-02,1114.280029296875,18.84058,19.162641207377117
2008-10-03,1099.22998046875,16.666668,15.378421783447266
2008-10-06,1056.8900146484375,9.903381,10.386473178863525
2008-10-07,996.22998046875,6.2801933,5.958131869633992
2008-10-08,984.9400024414062,5.0724635,2.8180354237556458
2008-10-09,909.9199829101562,0.7246377,0.9661835531393687
2008-10-10,899.219970703125,2.6570048,0.6441223720709482
2008-10-13,1003.3499755859375,7.2463765,0.9661835332711538
2008-10-14,998.010009765625,5.555556,1.771336515744527
2008-10-15,907.8400268554688,1.4492754,1.8518518209457397
2008-10-16,946.4299926757812,4.1062803,2.012882431348165
2008-10-17,940.5499877929688,3.6231883,1.8518518209457397
2008-10-20,985.4000244140625,5.0724635,2.5764894485473633
2008-10-21,955.0499877929688,4.347826,2.6570047537485757
2008-10-22,896.780029296875,3.3816423,2.254428267478943
2008-10-23,908.1099853515625,3.1400967,1.3687600493431091
2008-10-24,876.77001953125,1.9323671,0.805152972539266
2008-10-27,848.9199829101562,1.6908212,0.6441223820050558
2008-10-28,940.510009765625,4.1062803,1.5297906001408894
2008-10-29,930.0900268554688,3.8647342,2.4154588182767234
2008-10-30,954.0900268554688,6.2801933,4.1867953936258955
2008-10-31,968.75,7.971015,6.038647174835205
2008-11-03,966.2999877929688,7.2463765,7.7294685045878095
2008-11-04,1005.75,10.144927,10.628019014994303
2008-11-05,952.77001953125,5.0724635,9.339774290720621
2008-11-06,904.8800048828125,4.1062803,7.407407124837239
2008-11-07,930.989990234375,5.0724635,4.1867953936258955
2008-11-10,919.2100219726562,4.347826,3.864734331766764
2008-11-11,898.9500122070312,2.6570048,4.106280167897542
2008-11-12,852.2999877929688,2.173913,2.8985507090886435
2008-11-13,911.2899780273438,4.830918,4.911432941754659
2008-11-14,873.2899780273438,2.8985507,5.475039998690288
2008-11-17,850.75,3.1400967,6.199677626291911
2008-11-18,859.1199951171875,2.8985507,4.589371840159099
2008-11-19,806.5800170898438,1.9323671,3.542673031489054
2008-11-20,752.4400024414062,0.7246377,2.576489508152008
2008-11-21,800.030029296875,1.9323671,1.9323670665423076
2008-11-24,851.8099975585938,3.3816423,4.830917815367381
2008-11-25,857.3900146484375,2.6570048,8.776167551676432
2008-11-26,887.6799926757812,4.589372,13.6876007715861
2008-11-28,896.239990234375,5.3140097,17.874396324157715
2008-12-01,816.2100219726562,1.6908212,15.53945255279541
2008-12-02,848.8099975585938,2.415459,13.526570320129395
2008-12-03,870.739990234375,3.8647342,12.077294985453287
2008-12-04,845.219970703125,2.8985507,14.251207987467447
2008-12-05,876.0700073242188,4.589372,18.35748799641927
2008-12-08,909.7000122070312,5.7971015,24.798712412516277
2008-12-09,888.6699829101562,3.1400967,30.8373597462972
2008-12-10,899.239990234375,3.8647342,35.4267323811849
2008-12-11,873.5900268554688,2.415459,31.40096664428711
2008-12-12,879.72998046875,3.3816423,33.17230224609375
2008-12-15,868.5700073242188,3.1400967,30.354265848795574
2008-12-16,913.1799926757812,6.521739,40.66022491455078
2008-12-17,904.4199829101562,5.7971015,47.906603495279946
2008-12-18,885.280029296875,5.0724635,55.555555979410805
2008-12-19,887.8800048828125,5.7971015,55.555555979410805
2008-12-22,871.6300048828125,5.0724635,52.093397776285805
2008-12-23,863.1599731445312,5.0724635,48.79227066040039
2008-12-24,868.1500244140625,5.3140097,45.57165781656901
2008-12-26,872.7999877929688,5.3140097,46.77938715616862
2008-12-29,869.4199829101562,5.0724635,47.74557240804037
2008-12-30,890.6400146484375,5.7971015,51.93236796061198
2008-12-31,903.25,7.004831,58.21256001790365
2009-01-02,931.7999877929688,9.903381,69.64573160807292
2009-01-05,927.4500122070312,9.178744,76.40901692708333
2009-01-06,934.7000122070312,8.212561,80.9983901977539
2009-01-07,906.6500244140625,6.0386477,79.79066212972005
2009-01-08,909.72998046875,6.7632847,77.7777811686198
2009-01-09,890.3499755859375,5.555556,72.86634826660156
2009-01-12,870.260009765625,4.830918,66.58615366617839
2009-01-13,871.7899780273438,4.1062803,60.628021240234375
2009-01-14,842.6199951171875,2.8985507,49.91948699951172
2009-01-15,843.739990234375,3.6231883,45.8132069905599
2009-01-16,850.1199951171875,5.0724635,45.24959945678711
2009-01-20,805.219970703125,3.3816423,43.31723149617513
2009-01-21,840.239990234375,5.555556,44.444445292154946
2009-01-22,827.5,5.0724635,39.774556477864586
2009-01-23,831.9500122070312,4.589372,43.63929112752279
2009-01-26,836.5700073242188,5.7971015,42.51207733154297
2009-01-27,845.7100219726562,6.0386477,46.05474980672201
2009-01-28,874.0900268554688,7.971015,54.2673085530599
2009-01-29,845.1400146484375,5.7971015,55.636068979899086
2009-01-30,825.8800048828125,5.555556,52.012882232666016
2009-02-02,825.4400024414062,6.521739,43.880837758382164
2009-02-03,838.510009765625,7.4879227,44.3639284769694
2009-02-04,832.22998046875,7.2463765,46.69887161254883
2009-02-05,845.8499755859375,7.971015,50.885668436686196
2009-02-06,868.5999755859375,9.178744,54.347826639811196
2009-02-09,869.8900146484375,8.937198,58.937198638916016
2009-02-10,827.1599731445312,5.7971015,55.31400934855143
2009-02-11,833.739990234375,6.521739,49.75845464070638
2009-02-12,835.1900024414062,7.4879227,44.524959564208984
2009-02-13,826.8400268554688,7.971015,44.12238311767578
2009-02-17,789.1699829101562,4.830918,37.600643157958984
2009-02-18,788.4199829101562,4.589372,30.273751576741535
2009-02-19,778.9400024414062,4.589372,23.2689208984375
2009-02-20,770.0499877929688,4.589372,21.7391300201416
2009-02-23,743.3300170898438,3.1400967,18.27697245279948
2009-02-24,773.1400146484375,4.589372,17.069242477416992
2009-02-25,764.9000244140625,3.3816423,16.183574040730793
2009-02-26,752.8300170898438,2.6570048,16.103058497111004
2009-02-27,735.0900268554688,2.415459,14.251207033793131
2009-03-02,700.8200073242188,1.6908212,11.030595779418945
2009-03-03,696.3300170898438,1.6908212,8.937198321024576
2009-03-04,712.8699951171875,2.173913,8.293075879414877
2009-03-05,682.5499877929688,1.6908212,7.971014499664307
2009-03-06,683.3800048828125,1.4492754,8.05152972539266
2009-03-09,676.530029296875,1.4492754,7.004830678304036
2009-03-10,719.5999755859375,2.415459,9.178743521372477
2009-03-11,721.3599853515625,2.6570048,12.318840185801188
2009-03-12,750.739990234375,4.1062803,17.874396006266277
2009-03-13,756.5499877929688,3.8647342,21.658615112304688
2009-03-16,753.8900146484375,3.1400967,23.993558883666992
2009-03-17,778.1199951171875,4.589372,27.77777671813965
2009-03-18,794.3499755859375,6.7632847,34.6215763092041
2009-03-19,784.0399780273438,6.2801933,41.06280008951823
2009-03-20,768.5399780273438,4.830918,41.3848622639974
2009-03-23,822.9199829101562,10.144927,47.26248041788737
2009-03-24,806.1199951171875,7.7294683,52.01288350423177
2009-03-25,813.8800048828125,8.454106,60.064413706461586
2009-03-26,832.8599853515625,12.318841,63.4460563659668
2009-03-27,815.9400024414062,9.903381,65.94202931722005
2009-03-30,787.530029296875,7.7294683,63.526570638020836
2009-03-31,797.8699951171875,9.42029,58.21256001790365
2009-04-01,811.0800170898438,11.594203,58.21256001790365
2009-04-02,834.3800048828125,14.492753,66.74717966715495
2009-04-03,842.5,17.874395,74.87922668457031
2009-04-06,835.47998046875,14.251208,80.03220621744792
2009-04-07,815.5499877929688,11.594203,78.5024185180664
2009-04-08,825.1599731445312,14.492753,77.45571899414062
2009-04-09,856.5599975585938,21.014492,79.71014658610027
2009-04-13,858.72998046875,21.256039,83.73590850830078
2009-04-14,841.5,17.149757,85.42672983805339
2009-04-15,852.0599975585938,20.5314,85.42672983805339
2009-04-16,865.2999877929688,26.3285,86.3124008178711
2009-04-17,869.5999755859375,28.019323,88.64734395345052
2009-04-20,832.3900146484375,16.666668,87.76167805989583
2009-04-21,850.0800170898438,23.42995,86.95652262369792
2009-04-22,843.5499877929688,23.188406,85.34621683756511
2009-04-23,851.9199829101562,23.671497,85.74879201253255
2009-04-24,866.22998046875,28.260868,85.66827646891277
2009-04-27,857.510009765625,27.294687,86.1513671875
2009-04-28,855.1599731445312,27.536232,86.71497344970703
2009-04-29,873.6400146484375,34.299515,88.64734141031902
2009-04-30,872.8099975585938,36.47343,89.37197875976562
2009-05-01,877.52001953125,35.74879,90.90177154541016
2009-05-04,907.239990234375,45.652176,91.22383117675781
2009-05-05,903.7999877929688,43.961353,92.75362141927083
2009-05-06,919.530029296875,44.444447,93.71980285644531
2009-05-07,907.3900146484375,40.338165,93.55877431233723
2009-05-08,929.22998046875,49.516907,93.55877431233723
2009-05-11,909.239990234375,41.78744,92.67310587565105
2009-05-12,908.3499755859375,41.304348,91.78743743896484
2009-05-13,883.9199829101562,28.502417,86.95652262369792
2009-05-14,893.0700073242188,33.816425,83.89694213867188
2009-05-15,882.8800048828125,32.125603,78.98550923665364
2009-05-18,909.7100219726562,44.444447,80.27375030517578
2009-05-19,908.1300048828125,43.236713,80.19323476155598
2009-05-20,903.469970703125,43.236713,81.8840560913086
2009-05-21,888.3300170898438,37.68116,78.34138488769531
2009-05-22,887.0,37.922703,74.63768259684245
2009-05-26,910.3300170898438,48.79227,75.44283548990886
2009-05-27,893.0599975585938,42.99517,75.68438212076823
2009-05-28,906.8300170898438,45.89372,77.29468536376953
2009-05-29,919.1400146484375,52.173912,76.89211018880208
2009-06-01,942.8699951171875,62.801933,82.28663380940755
2009-06-02,944.739990234375,65.700485,86.79549153645833
2009-06-03,931.760009765625,61.352657,88.24476623535156
2009-06-04,942.4600219726562,64.251205,87.52012888590495
2009-06-05,940.0900268554688,63.285023,86.39291636149089
2009-06-08,939.1400146484375,62.560387,86.2318852742513
2009-06-09,942.4299926757812,63.76812,85.42673238118489
2009-06-10,939.1500244140625,64.00966,84.70209503173828
2009-06-11,944.8900146484375,64.251205,83.81642659505208
2009-06-12,946.2100219726562,67.391304,83.09178924560547
2009-06-15,923.719970703125,60.62802,78.90499369303386
2009-06-16,911.969970703125,57.72947,72.38325500488281
2009-06-17,910.7100219726562,57.72947,65.05636215209961
2009-06-18,918.3699951171875,62.318836,62.5603879292806
2009-06-19,921.22998046875,63.52657,63.12399419148763
2009-06-22,893.0399780273438,55.7971,57.809984842936196
2009-06-23,895.0999755859375,56.763287,50.885668436686196
2009-06-24,900.9400024414062,59.420288,45.41062927246094
2009-06-25,920.260009765625,69.08212,51.20772933959961
2009-06-26,918.9000244140625,68.84058,57.246376037597656
2009-06-29,927.22998046875,71.73913,62.47986857096354
2009-06-30,919.3200073242188,71.49758,61.996777852376304
2009-07-01,923.3300170898438,73.67149,63.04347610473633
2009-07-02,896.4199829101562,62.318836,56.68276850382487
2009-07-06,898.719970703125,66.18357,51.932366689046226
2009-07-07,881.030029296875,56.763287,41.70692443847656
2009-07-08,879.5599975585938,56.280197,36.71497599283854
2009-07-09,882.6799926757812,58.45411,31.56199582417806
2009-07-10,879.1300048828125,57.72947,30.756842295328777
2009-07-13,901.0499877929688,66.90821,35.99033737182617
2009-07-14,905.8400268554688,70.04831,42.19001579284668
2009-07-15,932.6799926757812,77.05314,54.267311096191406
2009-07-16,940.739990234375,79.95169,63.60708363850912
2009-07-17,940.3800048828125,77.294685,70.12882232666016
2009-07-20,951.1300048828125,83.09179,74.07407124837239
2009-07-21,954.5800170898438,83.81643,75.764892578125
2009-07-22,954.0700073242188,85.024155,79.06601969401042
2009-07-23,976.2899780273438,88.4058,81.40096282958984
2009-07-24,979.260009765625,89.13044,84.38003031412761
2009-07-27,982.1799926757812,88.16425,87.11755116780598
2009-07-28,979.6199951171875,89.37198,87.43961334228516
2009-07-29,975.1500244140625,89.13044,87.0370356241862
2009-07-30,986.75,89.85507,87.60064442952473
2009-07-31,987.47998046875,89.613525,88.24476877848308
2009-08-03,1002.6300048828125,91.30435,89.85507710774739
2009-08-04,1005.6500244140625,92.51208,90.6602274576823
2009-08-05,1002.719970703125,92.51208,90.5797119140625
2009-08-06,997.0800170898438,90.60241,89.06059265136719
2009-08-07,1010.47998046875,93.01205,88.18385060628255
2009-08-10,1007.0999755859375,93.25301,87.79116821289062
2009-08-11,994.3499755859375,91.084335,87.38955942789714
2009-08-12,1005.8099975585938,92.289154,87.14859517415364
2009-08-13,1012.72998046875,93.01205,87.63052368164062
2009-08-14,1004.0900268554688,92.289154,87.71084340413411
2009-08-17,979.72998046875,90.60241,84.65863545735677
2009-08-18,989.6699829101562,91.56626,82.24899546305339
2009-08-19,996.4600219726562,92.77108,82.0080337524414
2009-08-20,1007.3699951171875,93.9759,85.06024169921875
2009-08-21,1026.1300048828125,96.14458,89.07630411783855
2009-08-24,1025.5699462890625,95.66265,91.96787007649739
2009-08-25,1028.0,96.14458,93.65461730957031
2009-08-26,1028.1199951171875,96.385544,93.57429758707683
2009-08-27,1030.97998046875,96.14458,93.41365559895833
2009-08-28,1028.9300537109375,96.385544,93.01204935709636
2009-08-31,1020.6199951171875,95.66265,91.32530212402344
2009-09-01,998.0399780273438,94.216866,87.55020141601562
2009-09-02,994.75,93.25301,83.37349446614583
2009-09-03,1003.239990234375,93.9759,80.80321502685547
2009-09-04,1016.4000244140625,94.93976,82.57028452555339
2009-09-08,1025.3900146484375,95.18072,85.46185048421223
2009-09-09,1033.3699951171875,95.18072,88.2730941772461
2009-09-10,1044.1400146484375,95.421684,89.55823262532552
2009-09-11,1042.72998046875,95.18072,90.12048085530598
2009-09-14,1049.3399658203125,96.14458,90.84337107340495
2009-09-15,1052.6300048828125,96.14458,90.84337107340495
2009-09-16,1068.760009765625,97.349396,91.88754781087239
2009-09-17,1065.489990234375,96.62651,91.8072280883789
2009-09-18,1068.300048828125,97.349396,92.04819234212239
2009-09-21,1064.6600341796875,97.10844,91.56626383463542
2009-09-22,1071.6600341796875,97.10844,91.16465759277344
2009-09-23,1060.8699951171875,96.62651,90.12048085530598
2009-09-24,1050.780029296875,96.62651,87.06827290852864
2009-09-25,1044.3800048828125,95.90362,82.97188822428386
2009-09-28,1062.97998046875,97.10844,81.60642496744792
2009-09-29,1060.6099853515625,96.86747,81.92770894368489
2009-09-30,1057.0799560546875,95.90362,82.81124114990234
2009-10-01,1029.8499755859375,94.69879,74.9397570292155
2009-10-02,1025.2099609375,93.25301,64.8995984395345
2009-10-05,1040.4599609375,93.73494,60.240962982177734
2009-10-06,1054.719970703125,94.69879,63.855420430501304
2009-10-07,1057.5799560546875,93.99039,69.5819803873698
2009-10-08,1065.47998046875,94.95192,72.57356516520183
2009-10-09,1071.489990234375,95.67308,74.83974711100261
2009-10-12,1076.18994140625,95.67308,77.96474711100261
2009-10-13,1073.18994140625,95.67308,78.68589782714844
2009-10-14,1092.02001953125,96.875,80.84935760498047
2009-10-15,1096.56005859375,97.355774,82.9326909383138
2009-10-16,1087.6800537109375,96.394226,84.69551340738933
2009-10-19,1097.9100341796875,97.11539,85.25641123453777
2009-10-20,1091.06005859375,96.63461,83.33333587646484
2009-10-21,1081.4000244140625,94.71153,79.3269271850586
2009-10-22,1092.9100341796875,95.43269,77.08333841959636
2009-10-23,1079.5999755859375,95.19231,73.2371826171875
2009-10-26,1066.949951171875,93.02885,69.95192464192708
2009-10-27,1063.4100341796875,92.78847,62.01923116048177
2009-10-28,1042.6300048828125,91.58653,52.083333333333336
2009-10-29,1066.1099853515625,93.02885,49.198716481526695
2009-10-30,1036.18994140625,88.94231,41.4262809753418
2009-11-02,1042.8800048828125,90.38461,40.94551213582357
2009-11-03,1045.4100341796875,90.144226,37.58012898763021
2009-11-04,1046.5,88.94231,40.464744567871094
2009-11-05,1066.6300048828125,92.06731,47.51602554321289
2009-11-06,1069.300048828125,91.82692,53.04487101236979
2009-11-09,1093.0799560546875,93.50961,63.221153259277344
2009-11-10,1093.010009765625,92.54808,67.94871648152669
2009-11-11,1098.510009765625,93.99039,73.47756449381511
2009-11-12,1087.239990234375,92.78847,71.71474202473958
2009-11-13,1093.47998046875,93.04556,70.29760996500652
2009-11-16,1109.300048828125,93.28537,71.11656951904297
2009-11-17,1110.3199462890625,92.56595,74.42046610514323
2009-11-18,1109.800048828125,92.58373,76.4391377766927
2009-11-19,1094.9000244140625,92.10526,72.23025512695312
2009-11-20,1091.3800048828125,91.86603,67.22488149007161
2009-11-23,1106.239990234375,92.3445,65.62998453776042
2009-11-24,1105.6500244140625,92.3445,66.10845438639323
2009-11-25,1110.6300048828125,92.82297,68.66028849283855
2009-11-27,1091.489990234375,91.14832,64.35406875610352
2009-11-30,1095.6300048828125,91.38756,63.157894134521484
2009-12-01,1108.8599853515625,92.82297,62.91865921020508
2009-12-02,1109.239990234375,92.58373,68.26156107584636
2009-12-03,1099.9200439453125,92.3445,69.45773569742839
2009-12-04,1105.97998046875,92.58373,71.29186757405598
2009-12-07,1103.25,92.82297,70.89314270019531
2009-12-08,1091.93994140625,91.62679,70.97288767496745
2009-12-09,1095.949951171875,92.3445,68.97926584879558
2009-12-10,1102.3499755859375,91.86603,68.66028849283855
2009-12-11,1106.4100341796875,92.3445,70.73365275065105
2009-12-14,1114.1099853515625,92.58373,73.8437016805013
2009-12-15,1107.9300537109375,91.14832,74.72089385986328
2009-12-16,1109.1800537109375,90.909096,75.11961873372395
2009-12-17,1096.0799560546875,90.430626,72.48803965250652
2009-12-18,1102.469970703125,91.38756,71.92982482910156
2009-12-21,1114.050048828125,91.86603,72.88676198323567
2009-12-22,1118.02001953125,92.58373,75.9170659383138
2009-12-23,1120.5899658203125,92.3445,79.1068598429362
2009-12-24,1126.47998046875,93.062195,81.25996907552083
2009-12-28,1127.780029296875,93.062195,82.77511850992839
2009-12-29,1126.199951171875,93.062195,83.4928207397461
2009-12-30,1126.4200439453125,93.062195,83.41307576497395
2009-12-31,1115.0999755859375,91.62679,81.25996653238933
2010-01-04,1132.989990234375,92.82297,81.81818135579427
2010-01-05,1136.52001953125,93.571434,82.63803609212239
2010-01-06,1137.1400146484375,93.809525,85.45264689127605
2010-01-07,1141.68994140625,93.809525,85.87301635742188
2010-01-08,1144.97998046875,93.571434,86.11110941569011
2010-01-11,1146.97998046875,93.809525,86.82539621988933
2010-01-12,1136.219970703125,92.85714,85.7142842610677
2010-01-13,1145.6800537109375,93.333336,85.7142842610677
2010-01-14,1148.4599609375,93.571434,84.76190439860027
2010-01-15,1136.030029296875,92.85714,82.38095092773438
2010-01-19,1150.22998046875,94.28571,81.19047546386719
2010-01-20,1138.0400390625,93.571434,78.49206288655598
2010-01-21,1116.47998046875,91.42857,73.80952453613281
2010-01-22,1091.760009765625,88.809525,59.68253962198893
2010-01-25,1096.780029296875,90.0,49.444444020589195
2010-01-26,1092.1700439453125,87.85715,42.53968175252279
2010-01-27,1097.5,87.85715,43.96825408935547
2010-01-28,1084.530029296875,86.190475,40.238094329833984
2010-01-29,1073.8699951171875,83.09524,35.95238049825033
2010-02-01,1089.18994140625,86.666664,33.49206352233887
2010-02-02,1103.3199462890625,87.61905,38.09523836771647
2010-02-03,1097.280029296875,86.666664,43.333333333333336
2010-02-04,1063.1099853515625,79.52381,38.253967920939125
2010-02-05,1066.18994140625,80.952385,29.920635223388672
2010-02-08,1056.739990234375,76.42857,21.58730189005534
2010-02-09,1070.52001953125,80.0,21.904762268066406
2010-02-10,1068.1300048828125,79.52381,21.666666666666668
2010-02-11,1078.469970703125,80.7601,24.977001190185547
2010-02-12,1075.510009765625,80.285034,26.779586791992188
2010-02-16,1094.8699951171875,83.847984,34.204275131225586
2010-02-17,1099.510009765625,83.61045,40.9342835744222
2010-02-18,1106.75,85.03563,50.27711868286133
2010-02-19,1109.1700439453125,85.98575,55.50277201334635
2010-02-22,1108.010009765625,85.03563,58.907362620035805
2010-02-23,1094.5999755859375,83.61045,55.581947326660156
2010-02-24,1105.239990234375,84.08551,54.156768798828125
2010-02-25,1102.93994140625,83.61045,52.1773567199707
2010-02-26,1104.489990234375,83.37292,54.631829579671226
2010-03-01,1115.7099609375,84.323044,57.40300750732422
2010-03-02,1118.31005859375,85.03563,62.23277791341146
2010-03-03,1118.7900390625,85.51069,67.22090148925781
2010-03-04,1122.969970703125,85.98575,69.12113952636719
2010-03-05,1138.699951171875,87.88599,73.39667510986328
2010-03-08,1138.5,89.07363,77.35550181070964
2010-03-09,1140.449951171875,89.311165,80.2850341796875
2010-03-10,1145.6099853515625,89.786224,80.83926900227864
2010-03-11,1150.239990234375,90.02375,82.10609436035156
2010-03-12,1149.989990234375,89.5487,83.29374440511067
2010-03-15,1150.510009765625,89.07363,83.21456654866536
2010-03-16,1159.4599609375,90.49881,83.92715708414714
2010-03-17,1166.2099609375,91.44894,86.38162994384766
2010-03-18,1165.8299560546875,91.68646,89.1528091430664
2010-03-19,1159.9000244140625,90.49881,89.70704396565755
2010-03-22,1165.81005859375,91.44894,89.94457499186198
2010-03-23,1174.1700439453125,91.68646,90.0237528483073
2010-03-24,1167.719970703125,90.73634,90.41963704427083
2010-03-25,1165.72998046875,89.786224,89.54869588216145
2010-03-26,1166.5899658203125,90.02375,88.67775472005208
2010-03-29,1173.219970703125,90.97387,88.75693003336589
2010-03-30,1173.27001953125,90.261284,89.39034016927083
2010-03-31,1169.4300537109375,89.5487,90.1029281616211
2010-04-01,1178.0999755859375,90.97387,90.57799021402995
2010-04-05,1187.43994140625,90.97387,91.36975606282552
2010-04-06,1189.43994140625,90.97387,91.92399088541667
2010-04-07,1182.449951171875,90.261284,91.21140034993489
2010-04-08,1186.43994140625,90.49881,89.54869333902995
2010-04-09,1194.3699951171875,91.68646,88.91528065999348
2010-04-12,1196.47998046875,92.16152,89.31116231282552
2010-04-13,1197.300048828125,91.44894,90.0237528483073
2010-04-14,1210.6500244140625,92.87411,90.34045918782552
2010-04-15,1211.6700439453125,91.68646,90.41963704427083
2010-04-16,1192.1300048828125,90.261284,88.75692749023438
2010-04-19,1197.52001953125,90.261284,86.7775141398112
2010-04-20,1207.1700439453125,91.68646,85.90657297770183
2010-04-21,1205.93994140625,90.97387,87.01504516601562
2010-04-22,1208.6700439453125,90.97387,87.49010467529297
2010-04-23,1217.280029296875,91.68646,86.69833882649739
2010-04-26,1212.050048828125,90.73634,85.7482198079427
2010-04-27,1183.7099609375,87.41093,82.97704060872395
2010-04-28,1191.3599853515625,89.099525,80.6186294555664
2010-04-29,1206.780029296875,89.57346,79.60359446207683
2010-04-30,1186.68994140625,87.914696,78.3570327758789
2010-05-03,1202.260009765625,88.625595,78.59399922688802
2010-05-04,1173.5999755859375,84.83412,72.74881744384766
2010-05-05,1165.8699951171875,84.12322,67.77251307169597
2010-05-06,1128.1500244140625,75.118484,52.1327018737793
2010-05-07,1110.8800048828125,70.14218,36.80884615580241
2010-05-10,1159.72998046875,81.753555,34.20221138000488
2010-05-11,1155.7900390625,80.56872,39.33649253845215
2010-05-12,1171.6700439453125,84.12322,53.71247990926107
2010-05-13,1157.43994140625,81.51659,54.81832504272461
2010-05-14,1135.6800537109375,75.592415,51.57977803548177
2010-05-17,1136.93994140625,76.54028,44.075828552246094
2010-05-18,1120.800048828125,74.170616,34.9131113688151
2010-05-19,1115.050048828125,72.03792,29.77883021036784
2010-05-20,1071.5899658203125,55.92417,19.352290153503418
2010-05-21,1087.68994140625,60.900475,13.98104190826416
2010-05-24,1073.6500244140625,56.398106,9.794628461201986
2010-05-25,1074.030029296875,54.739338,10.268561999003092
2010-05-26,1067.949951171875,54.265404,9.636650721232096
2010-05-27,1103.06005859375,66.35071,13.981042861938477
2010-05-28,1089.4100341796875,62.79621,16.508688926696777
2010-06-01,1070.7099609375,54.265404,17.377567291259766
2010-06-02,1098.3800048828125,63.744076,16.90363311767578
2010-06-03,1102.8299560546875,64.21801,19.589256922403973
2010-06-04,1064.8800048828125,51.658768,19.668245633443195
2010-06-07,1050.469970703125,43.601894,15.165876070658365
2010-06-08,1062.0,48.104267,10.505528767903646
2010-06-09,1055.68994140625,46.682465,10.189572970072428
2010-06-10,1086.8399658203125,57.58294,14.849920590718588
2010-06-11,1091.5999755859375,58.530807,20.063191095987957
2010-06-14,1089.6300048828125,59.952606,25.434439341227215
2010-06-15,1115.22998046875,67.8487,33.2183043162028
2010-06-16,1114.6099853515625,66.193855,39.501565297444664
2010-06-17,1116.0400390625,66.193855,46.493300120035805
2010-06-18,1117.510009765625,66.43026,47.438926696777344
2010-06-21,1113.199951171875,64.3026,47.5965321858724
2010-06-22,1095.31005859375,59.338062,41.29235585530599
2010-06-23,1092.0400390625,59.338062,34.121355056762695
2010-06-24,1073.68994140625,52.009457,25.45311228434245
2010-06-25,1076.760009765625,54.609932,23.7982660929362
2010-06-28,1074.5699462890625,54.609932,23.089046478271484
2010-06-29,1041.239990234375,39.85849,19.69293149312337
2010-06-30,1030.7099609375,37.26415,13.62014357248942
2010-07-01,1027.3699951171875,36.084904,7.311320781707764
2010-07-02,1022.5800170898438,32.54717,6.367924531300862
2010-07-06,1028.06005859375,33.254715,7.232704321543376
2010-07-07,1060.27001953125,44.81132,13.364779472351074
2010-07-08,1070.25,49.5283,21.698113441467285
2010-07-09,1077.9599609375,52.83019,31.60377375284831
2010-07-12,1078.75,51.415092,36.32075436909994
2010-07-13,1095.3399658203125,58.018867,44.02515665690104
2010-07-14,1095.1700439453125,57.78302,49.92138163248698
2010-07-15,1096.47998046875,57.64706,55.30299504597982
2010-07-16,1064.8800048828125,47.764706,48.201070149739586
2010-07-19,1071.25,50.588238,42.5098025004069
2010-07-20,1083.47998046875,53.882355,40.70588048299154
2010-07-21,1069.5899658203125,49.88235,43.137254079182945
2010-07-22,1093.6700439453125,58.117645,50.666666666666664
2010-07-23,1102.6600341796875,62.82353,57.5686289469401
2010-07-26,1115.010009765625,65.64706,69.80392201741536
2010-07-27,1113.8399658203125,64.47059,74.50980377197266
2010-07-28,1106.1300048828125,61.17647,74.90195973714192
2010-07-29,1101.530029296875,60.941177,72.23529307047527
2010-07-30,1101.5999755859375,61.17647,70.35294087727864
2010-08-02,1125.8599853515625,67.05882,72.7058817545573
2010-08-03,1120.4599609375,64.70589,74.19607798258464
2010-08-04,1127.239990234375,66.588234,76.39215596516927
2010-08-05,1125.81005859375,66.352936,75.60784149169922
2010-08-06,1121.6400146484375,65.023476,76.01933034261067
2010-08-09,1127.7900390625,66.66667,76.58510335286458
2010-08-10,1121.06005859375,64.553986,75.82159678141277
2010-08-11,1089.469970703125,53.99061,68.62284851074219
2010-08-12,1083.6099853515625,52.347416,58.450705210367836
2010-08-13,1079.25,50.704224,48.98278554280599
2010-08-16,1079.3800048828125,50.704224,46.08763758341471
2010-08-17,1092.5400390625,56.57277,48.90453847249349
2010-08-18,1094.1600341796875,57.981224,52.973395029703774
2010-08-19,1075.6300048828125,51.643192,52.34741719563802
2010-08-20,1071.68994140625,50.704224,47.33959197998047
2010-08-23,1067.3599853515625,47.887325,41.236306508382164
2010-08-24,1051.8699951171875,41.314552,37.24569574991862
2010-08-25,1055.3299560546875,42.25352,34.9765256245931
2010-08-26,1047.219970703125,40.61033,32.5508607228597
2010-08-27,1064.5899658203125,48.122066,37.0892022450765
2010-08-30,1048.9200439453125,40.84507,36.85445976257324
2010-08-31,1049.3299560546875,42.25352,38.02816899617513
2010-09-01,1080.2900390625,52.347416,41.78403854370117
2010-09-02,1090.0999755859375,54.929577,51.25195821126302
2010-09-03,1104.510009765625,58.685448,63.92801284790039
2010-09-07,1091.8399658203125,54.22535,66.4319241841634
2010-09-08,1098.8699951171875,56.57277,68.38810602823894
2010-09-09,1104.1800537109375,57.746475,67.52738825480144
2010-09-10,1109.550048828125,60.32864,70.0313008626302
2010-09-13,1121.9000244140625,63.615025,73.63067372639973
2010-09-14,1121.0999755859375,64.319244,76.36932627360027
2010-09-15,1125.0699462890625,64.788734,79.7339579264323
2010-09-16,1124.6600341796875,64.553986,79.7339579264323
2010-09-17,1125.5899658203125,65.49296,79.2644755045573
2010-09-20,1142.7099609375,69.71831,80.5946782430013
2010-09-21,1139.780029296875,68.5446,82.31611887613933
2010-09-22,1134.280029296875,67.136154,82.62910715738933
2010-09-23,1124.8299560546875,64.0845,78.40375518798828
2010-09-24,1148.6700439453125,70.89202,78.71674346923828
2010-09-27,1142.1600341796875,70.1878,79.8904546101888
2010-09-28,1147.699951171875,71.12676,83.72457122802734
2010-09-29,1144.72998046875,71.830986,83.09859212239583
2010-09-30,1141.199951171875,70.89202,83.48982493082683
2010-10-01,1146.239990234375,72.06573,83.95930989583333
2010-10-04,1137.030029296875,69.014084,83.88106282552083
2010-10-05,1160.75,74.64789,86.46322377522786
2010-10-06,1159.969970703125,73.943665,87.71517944335938
2010-10-07,1158.06005859375,73.47418,89.28012593587239
2010-10-08,1165.1500244140625,74.41315,88.73239644368489
2010-10-11,1165.3199462890625,74.41315,88.65414937337239
2010-10-12,1169.77001953125,75.821594,89.8278579711914
2010-10-13,1178.0999755859375,78.169014,90.84507242838542
2010-10-14,1173.81005859375,75.821594,91.39280192057292
2010-10-15,1176.18994140625,76.29108,91.23630777994792
2010-10-18,1184.7099609375,77.46479,90.8450698852539
2010-10-19,1165.9000244140625,73.70892,89.98434956868489
2010-10-20,1178.1700439453125,76.29108,89.43662007649739
2010-10-21,1180.260009765625,76.76057,89.43662007649739
2010-10-22,1183.0799560546875,76.29108,90.1408462524414
2010-10-25,1185.6199951171875,77.93427,90.8450698852539
2010-10-26,1185.6400146484375,76.76057,90.06259663899739
2010-10-27,1182.449951171875,77.69953,89.12362925211589
2010-10-28,1183.780029296875,78.6385,86.93270619710286
2010-10-29,1183.260009765625,78.169014,85.52425638834636
2010-11-01,1184.3800048828125,78.169014,84.35054779052734
2010-11-02,1193.5699462890625,80.04694,85.28951517740886
2010-11-03,1197.9599609375,80.28169,86.15023549397786
2010-11-04,1221.06005859375,84.2723,88.41940561930339
2010-11-05,1225.8499755859375,85.211266,88.81064097086589
2010-11-08,1223.25,84.50704,89.12362925211589
2010-11-09,1213.4000244140625,82.629105,86.30672963460286
2010-11-10,1218.7099609375,83.09859,85.13302103678386
2010-11-11,1213.5400390625,82.629105,83.33333333333333
2010-11-12,1199.2099609375,80.751175,81.84663391113281
2010-11-15,1197.75,80.51643,78.95148468017578
2010-11-16,1178.3399658203125,75.11737,72.45696385701497
2010-11-17,1178.5899658203125,74.88263,67.60563405354817
2010-11-18,1196.68994140625,76.814995,65.90655263264973
2010-11-19,1199.72998046875,77.28337,68.90175247192383
2010-11-22,1197.8399658203125,77.28337,71.66276295979817
2010-11-23,1180.72998046875,74.23888,68.77439371744792
2010-11-24,1198.3499755859375,78.22014,68.46214040120442
2010-11-26,1189.4000244140625,77.04918,66.97892506917317
2010-11-29,1187.760009765625,75.409836,67.68150075276692
2010-11-30,1180.550048828125,74.47307,64.09055455525716
2010-12-01,1206.0699462890625,79.15691,65.96408971150716
2010-12-02,1221.530029296875,82.903984,70.88212203979492
2010-12-03,1224.7099609375,84.30913,77.59562683105469
2010-12-06,1223.1199951171875,83.84075,80.17173767089844
2010-12-07,1223.75,84.11215,79.87608083089192
2010-12-08,1228.280029296875,85.747665,79.0345230102539
2010-12-09,1233.0,86.915886,78.34891001383464
2010-12-10,1240.4000244140625,87.85047,79.36137135823567
2010-12-13,1240.4599609375,88.5514,80.2180684407552
2010-12-14,1241.5899658203125,89.252335,81.46417490641277
2010-12-15,1235.22998046875,87.17949,79.84663391113281
2010-12-16,1242.8699951171875,88.11189,79.31780242919922
2010-12-17,1243.9100341796875,88.34499,78.71017964680989
2010-12-20,1247.0799560546875,89.27739,80.57497914632161
2010-12-21,1254.5999755859375,90.209785,82.36208089192708
2010-12-22,1258.8399658203125,90.209785,83.6829833984375
2010-12-23,1256.77001953125,90.209785,83.44988505045573
2010-12-27,1257.5400390625,89.97669,82.82828267415364
2010-12-28,1258.510009765625,89.27739,82.43978373209636
2010-12-29,1259.780029296875,90.209785,83.13908386230469
2010-12-30,1257.8800048828125,89.51049,83.76068623860677
2010-12-31,1257.6400146484375,89.74359,83.6829833984375
2011-01-03,1271.8699951171875,89.97669,84.84848531087239
2011-01-04,1270.199951171875,89.51049,84.92618560791016
2011-01-05,1276.56005859375,90.909096,85.15928649902344
2011-01-06,1273.8499755859375,91.60839,82.75058237711589
2011-01-07,1271.5,89.97669,81.04118092854817
2011-01-10,1269.75,89.97669,79.40947977701823
2011-01-11,1274.47998046875,90.44289,79.40947977701823
2011-01-12,1285.9599609375,90.909096,80.65267944335938
2011-01-13,1283.760009765625,90.675995,81.66278076171875
2011-01-14,1293.239990234375,92.540794,82.43978118896484
2011-01-18,1295.02001953125,93.2401,83.13908131917317
2011-01-19,1281.9200439453125,92.30769,82.51748148600261
2011-01-20,1280.260009765625,92.77389,81.66278076171875
2011-01-21,1283.3499755859375,92.07459,79.02097829182942
2011-01-24,1290.8399658203125,93.00699,79.72027842203777
2011-01-25,1291.1800537109375,91.37529,80.34188079833984
2011-01-26,1296.6300048828125,91.37529,82.12898254394531
2011-01-27,1299.5400390625,91.84149,82.05128224690755
2011-01-28,1276.3399658203125,90.209785,78.63247934977214
2011-01-31,1286.1199951171875,90.209785,75.21367645263672
2011-02-01,1307.5899658203125,91.84149,74.28127543131511
2011-02-02,1304.030029296875,91.60839,76.30147552490234
2011-02-03,1307.0999755859375,93.00699,78.39937845865886
2011-02-04,1310.8699951171875,92.77389,78.63247934977214
2011-02-07,1319.050048828125,92.540794,80.41958363850911
2011-02-08,1324.5699462890625,93.4732,81.89588419596355
2011-02-09,1320.8800048828125,93.2401,83.21678415934245
2011-02-10,1321.8699951171875,93.00699,82.43978118896484
2011-02-11,1329.1500244140625,92.558136,82.99542744954427
2011-02-14,1332.3199462890625,92.558136,83.00825754801433
2011-02-15,1328.010009765625,92.558136,83.10077667236328
2011-02-16,1336.3199462890625,93.02326,82.94573974609375
2011-02-17,1340.4300537109375,93.25581,83.41085561116536
2011-02-18,1343.010009765625,92.790695,84.88372294108073
2011-02-22,1315.43994140625,90.93024,81.24031066894531
2011-02-23,1307.4000244140625,88.837204,74.1860466003418
2011-02-24,1306.0999755859375,89.30232,66.58914693196614
2011-02-25,1319.8800048828125,90.69768,66.04651133219402
2011-02-28,1327.219970703125,90.69768,69.45736312866211
2011-03-01,1306.3299560546875,90.0,69.61240259806316
2011-03-02,1308.43994140625,90.0,67.05426406860352
2011-03-03,1330.969970703125,91.16279,67.7519416809082
2011-03-04,1321.1500244140625,90.23256,70.54263814290364
2011-03-07,1310.1300048828125,90.0,71.24031066894531
2011-03-08,1321.8199462890625,92.09302,70.62015279134114
2011-03-09,1320.02001953125,92.32558,70.54263305664062
2011-03-10,1295.1099853515625,89.09513,68.24852752685547
2011-03-11,1304.280029296875,90.48724,64.32417805989583
2011-03-14,1296.3900146484375,87.70301,58.778035481770836
2011-03-15,1281.8699951171875,85.15082,53.44160842895508
2011-03-16,1256.8800048828125,82.83063,42.76875432332357
2011-03-17,1273.719970703125,84.45476,37.12297058105469
2011-03-18,1279.2099609375,84.22274,36.50425465901693
2011-03-21,1298.3800048828125,87.006966,44.77958424886068
2011-03-22,1293.77001953125,86.57407,49.07156753540039
2011-03-23,1297.5400390625,87.26852,52.28026326497396
2011-03-24,1309.6600341796875,87.96296,54.01234563191732
2011-03-25,1313.800048828125,87.5,58.41049575805664
2011-03-28,1310.18994140625,87.5,62.26851908365885
2011-03-29,1319.43994140625,89.12037,65.43209966023763
2011-03-30,1328.260009765625,90.06928,69.38617324829102
2011-03-31,1325.8299560546875,89.1455,73.26397705078125
2011-04-01,1332.4100341796875,89.83834,75.51962788899739
2011-04-04,1332.8699951171875,90.53117,76.44341532389323
2011-04-05,1332.6300048828125,89.83834,77.44418589274089
2011-04-06,1335.5400390625,90.53117,78.21400960286458
2011-04-07,1333.510009765625,90.53117,77.59814961751302
2011-04-08,1328.1700439453125,90.30023,75.67359415690105
2011-04-11,1324.4599609375,89.37644,71.20862070719402
2011-04-12,1314.1600341796875,89.1455,64.74210993448894
2011-04-13,1314.4100341796875,88.68361,60.50808334350586
2011-04-14,1314.52001953125,88.68361,58.814473470052086
2011-04-15,1319.6800537109375,88.68361,61.89376449584961
2011-04-18,1305.1400146484375,87.29792,60.12317148844401
2011-04-19,1312.6199951171875,87.29792,59.2763671875
2011-04-20,1330.3599853515625,88.91455,60.89299519856771
2011-04-21,1337.3800048828125,88.68361,67.20554478963216
2011-04-25,1335.25,89.1455,71.59353383382161
2011-04-26,1347.239990234375,90.76212,72.97921498616536
2011-04-27,1355.6600341796875,92.147804,75.44264729817708
2011-04-28,1360.47998046875,92.37875,79.21478017171223
2011-04-29,1363.6099853515625,92.37875,81.29330190022786
2011-05-02,1361.219970703125,91.45496,80.98537190755208
2011-05-03,1356.6199951171875,90.53117,78.52193959554036
2011-05-04,1347.3199462890625,90.06928,75.05773671468098
2011-05-05,1335.0999755859375,89.60739,71.20862325032552
2011-05-06,1340.199951171875,90.30023,70.05388895670573
2011-05-09,1346.2900390625,89.83834,71.05465952555339
2011-05-10,1357.1600341796875,90.99307,74.98075612386067
2011-05-11,1342.0799560546875,89.1455,75.05773671468098
2011-05-12,1348.6500244140625,89.60739,75.1347173055013
2011-05-13,1337.77001953125,88.68361,71.43956756591797
2011-05-16,1329.469970703125,87.52887,68.66820653279622
2011-05-17,1328.97998046875,87.75982,64.51116561889648
2011-05-18,1340.6800537109375,87.75982,64.35719935099284
2011-05-19,1343.5999755859375,87.75982,66.35873921712239
2011-05-20,1333.27001953125,86.37413,67.28252665201823
2011-05-23,1317.3699951171875,83.83372,62.35566075642904
2011-05-24,1316.280029296875,83.14088,56.42802174886068
2011-05-25,1320.469970703125,84.75751,52.65588887532552
2011-05-26,1325.68994140625,85.91224,53.65665944417318
2011-05-27,1331.0999755859375,86.14319,56.19707743326823
2011-05-31,1345.199951171875,87.06697,60.8160146077474
2011-06-01,1314.550048828125,82.44804,58.352579752604164
2011-06-02,1312.93994140625,82.678986,53.42571258544922
2011-06-03,1300.1600341796875,79.676674,42.72517395019531
2011-06-06,1286.1700439453125,75.05774,35.56582069396973
2011-06-07,1284.93994140625,74.82679,30.25404167175293
2011-06-08,1279.56005859375,70.4388,26.94380251566569
2011-06-09,1289.0,72.05543,27.251732508341473
2011-06-10,1270.97998046875,66.9746,23.864511489868164
2011-06-13,1271.8299560546875,66.5127,21.78598976135254
2011-06-14,1287.8699951171875,71.13164,21.40107790629069
2011-06-15,1265.4200439453125,64.89607,20.477290471394856
2011-06-16,1267.6400146484375,64.43418,20.092378616333008
2011-06-17,1271.5,65.81986,18.244803110758465
2011-06-20,1278.3599853515625,65.81986,21.632023493448894
2011-06-21,1295.52001953125,71.13164,27.790608088175457
2011-06-22,1287.1400146484375,68.82217,31.485759099324543
2011-06-23,1283.5,69.284065,32.87144088745117
2011-06-24,1268.449951171875,66.129036,27.697662353515625
2011-06-27,1280.0999755859375,67.97235,26.136730194091797
2011-06-28,1296.6700439453125,70.73733,29.56989288330078
2011-06-29,1307.4100341796875,72.35023,38.47926330566406
2011-06-30,1320.6400146484375,75.80645,48.15668233235677
2011-07-01,1339.6700439453125,79.7235,58.448541005452476
2011-07-05,1337.8800048828125,79.26267,65.59139887491862
2011-07-06,1339.219970703125,80.18433,69.6620610555013
2011-07-07,1353.219970703125,82.48848,72.27342732747395
2011-07-08,1343.800048828125,79.95392,73.50230662027995
2011-07-11,1319.489990234375,73.27189,69.12442398071289
2011-07-12,1313.6400146484375,72.35023,60.52227528889974
2011-07-13,1317.719970703125,72.11981,54.37788009643555
2011-07-14,1308.8699951171875,67.741936,50.153611501057945
2011-07-15,1316.1400146484375,68.20277,47.92626825968424
2011-07-18,1305.43994140625,62.903225,42.08909479777018
2011-07-19,1326.72998046875,68.433174,45.084486643473305
2011-07-20,1325.8399658203125,68.6636,46.92780431111654
2011-07-21,1343.800048828125,72.58065,56.067588806152344
2011-07-22,1345.02001953125,71.42857,59.90783437093099
2011-07-25,1337.4300537109375,69.58525,61.90476099650065
2011-07-26,1331.93994140625,65.89861,57.52688217163086
2011-07-27,1304.8900146484375,56.2212,47.84946314493815
2011-07-28,1300.6700439453125,55.990784,39.47772725423177
2011-07-29,1292.280029296875,54.147465,32.18125915527344
2011-08-01,1286.93994140625,50.0,29.33947690327962
2011-08-02,1254.050048828125,39.631336,22.65744972229004
2011-08-03,1260.3399658203125,40.092167,18.27956994374593
2011-08-04,1200.0699462890625,24.193548,10.90629784266154
2011-08-05,1199.3800048828125,23.963135,8.141321182250977
2011-08-08,1119.4599609375,8.525346,2.995391766230265
2011-08-09,1172.530029296875,20.276497,2.764976898829142
2011-08-10,1120.760009765625,11.751152,1.8433179060618083
2011-08-11,1172.6400146484375,21.8894,3.686635971069336
2011-08-12,1178.81005859375,22.81106,4.838709831237793
2011-08-15,1204.489990234375,29.032257,8.986175537109375
2011-08-16,1192.760009765625,27.188938,11.213518142700195
2011-08-17,1193.8900146484375,28.341013,13.056836128234863
2011-08-18,1140.6500244140625,18.202765,9.677419662475586
2011-08-19,1123.530029296875,16.129032,6.374808152516683
2011-08-22,1123.8199462890625,15.437788,3.5330262184143066
2011-08-23,1162.3499755859375,24.654379,5.837173620859782
2011-08-24,1177.5999755859375,27.419355,10.599078496297201
2011-08-25,1159.27001953125,23.041475,13.056835810343424
2011-08-26,1176.800048828125,26.958525,14.285714467366537
2011-08-29,1210.0799560546875,34.101383,17.97235043843587
2011-08-30,1212.9200439453125,35.714287,24.27035395304362
2011-08-31,1218.8900146484375,36.40553,29.800308227539062
2011-09-01,1204.4200439453125,34.3318,29.56989351908366
2011-09-02,1173.969970703125,27.880182,25.345623016357422
2011-09-06,1165.239990234375,26.728111,20.122888565063477
2011-09-07,1198.6199951171875,33.870968,21.198157628377277
2011-09-08,1185.9000244140625,30.645163,24.270353317260742
2011-09-09,1154.22998046875,24.654379,23.34869384765625
2011-09-12,1162.27001953125,26.036867,18.970813115437824
2011-09-13,1172.8699951171875,27.880182,18.04915491739909
2011-09-14,1188.6800537109375,31.105991,24.654378255208332
2011-09-15,1209.1099853515625,34.101383,32.64208984375
2011-09-16,1216.010009765625,35.944702,40.092166900634766
2011-09-19,1204.0899658203125,34.3318,42.626729329427086
2011-09-20,1202.0899658203125,33.640553,41.78187561035156
2011-09-21,1166.760009765625,25.80645,35.9447021484375
2011-09-22,1129.56005859375,20.737328,27.956990559895832
2011-09-23,1136.4300537109375,21.658987,21.966206232706707
2011-09-26,1162.949951171875,25.115208,22.043010711669922
2011-09-27,1175.3800048828125,29.032257,29.032257080078125
2011-09-28,1151.06005859375,21.8894,30.875574747721355
2011-09-29,1160.4000244140625,23.73272,31.490014394124348
2011-09-30,1131.4200439453125,20.737328,25.883256276448567
2011-10-03,1099.22998046875,14.976959,20.430107752482098
2011-10-04,1123.949951171875,18.663593,16.973885854085285
2011-10-05,1144.030029296875,19.124424,20.199692408243816
2011-10-06,1164.969970703125,23.963135,32.10445467631022
2011-10-07,1155.4599609375,23.27189,38.40245755513509
2011-10-10,1194.8900146484375,31.105991,49.38556035359701
2011-10-11,1195.5400390625,29.953918,55.299538930257164
2011-10-12,1207.25,31.336407,67.12749481201172
2011-10-13,1203.6600341796875,31.034481,70.37413660685222
2011-10-14,1224.5799560546875,35.632183,76.14915974934895
2011-10-17,1200.8599853515625,30.574713,73.48659261067708
2011-10-18,1225.3800048828125,36.32184,76.24521128336589
2011-10-19,1209.8800048828125,33.793102,73.63984680175781
2011-10-20,1215.3900146484375,34.482758,76.78160603841145
2011-10-21,1238.25,42.75862,78.08428955078125
2011-10-24,1254.18994140625,46.43678,84.2911860148112
2011-10-25,1229.050048828125,41.37931,87.04980977376302
2011-10-26,1242.0,44.827587,88.42912038167317
2011-10-27,1284.5899658203125,55.86207,89.27203114827473
2011-10-28,1285.0899658203125,54.252876,92.33716328938802
2011-10-31,1253.300048828125,46.206898,92.6436767578125
2011-11-01,1218.280029296875,38.850574,86.0536397298177
2011-11-02,1237.9000244140625,42.75862,82.22222391764323
2011-11-03,1261.1500244140625,49.65517,81.45593770345052
2011-11-04,1253.22998046875,49.425285,85.51723988850911
2011-11-07,1261.1199951171875,50.11494,87.8160883585612
2011-11-08,1275.9200439453125,53.793102,88.88888804117839
2011-11-09,1229.0999755859375,41.609196,84.98084259033203
2011-11-10,1239.699951171875,44.13793,81.91570790608723
2011-11-11,1263.8499755859375,51.26437,80.38314056396484
2011-11-14,1251.780029296875,48.50575,83.0651346842448
2011-11-15,1257.81005859375,51.49425,84.8275883992513
2011-11-16,1236.9100341796875,44.827587,81.76245371500652
2011-11-17,1216.1300048828125,39.220184,75.96505991617839
2011-11-18,1215.6500244140625,39.220184,68.94284439086914
2011-11-21,1192.97998046875,33.944954,59.48012161254883
2011-11-22,1188.0400390625,32.568806,52.37002944946289
2011-11-23,1161.7900390625,25.688072,39.98470878601074
2011-11-25,1158.6700439453125,26.14679,31.957186381022137
2011-11-28,1192.550048828125,33.715595,33.715597788492836
2011-11-29,1195.18994140625,34.63303,42.43119366963705
2011-11-30,1246.9599609375,48.85321,61.467891693115234
2011-12-01,1244.5799560546875,48.16514,71.94189707438152
2011-12-02,1244.280029296875,48.16514,81.11620839436848
2011-12-05,1257.0799560546875,51.605503,82.18654378255208
2011-12-06,1258.469970703125,51.376144,82.95107014973958
2011-12-07,1261.010009765625,51.605503,83.71559651692708
2011-12-08,1234.3499755859375,44.036697,78.2110087076823
2011-12-09,1255.18994140625,50.917427,76.75841013590495
2011-12-12,1236.469970703125,45.642204,72.4006118774414
2011-12-13,1225.72998046875,43.348625,68.42507807413737
2011-12-14,1211.8199462890625,40.36697,57.11009216308594
2011-12-15,1215.75,41.055046,50.61162185668945
2011-12-16,1219.6600341796875,43.348625,49.4648323059082
2011-12-19,1205.3499755859375,40.137615,48.47094853719076
2011-12-20,1241.300048828125,48.16514,52.82874552408854
2011-12-21,1243.719970703125,49.311928,56.19265874226888
2011-12-22,1254.0,50.917427,65.29051971435547
2011-12-23,1265.3299560546875,53.899086,68.50152842203777
2011-12-27,1265.4300537109375,54.816513,72.17125193277995
2011-12-28,1249.6400146484375,50.458717,70.10703023274739
2011-12-29,1263.02001953125,55.504585,68.5779800415039
2011-12-30,1257.5999755859375,54.587154,66.13149770100911
2012-01-03,1277.06005859375,59.40367,69.87767283121745
2012-01-04,1277.300048828125,57.798164,71.40672302246094
2012-01-05,1281.06005859375,58.944954,74.69418589274089
2012-01-06,1277.81005859375,59.40367,74.99999745686848
2012-01-09,1280.699951171875,59.63303,76.75840759277344
2012-01-10,1292.0799560546875,66.28441,79.20488993326823
2012-01-11,1292.47998046875,68.11926,82.11008961995442
2012-01-12,1295.5,68.348625,83.94495137532552
2012-01-13,1289.0899658203125,66.513756,82.87461598714192
2012-01-17,1293.6700439453125,69.0367,82.49235280354817
2012-01-18,1308.0400390625,72.70642,83.79204813639323
2012-01-19,1314.5,75.45872,86.54434204101562
2012-01-20,1315.3800048828125,76.376144,88.76146697998047
2012-01-23,1316.0,76.60551,89.29663594563802
2012-01-24,1314.6500244140625,75.91743,89.22018178304036
2012-01-25,1326.06005859375,80.27523,89.67889912923177
2012-01-26,1318.4300537109375,79.81651,89.90825653076172
2012-01-27,1316.3299560546875,80.045876,89.60244750976562
2012-01-30,1313.010009765625,78.899086,87.99694315592448
2012-01-31,1312.4100341796875,78.44037,86.54434458414714
2012-02-01,1324.0899658203125,83.486244,86.85015360514323
2012-02-02,1325.5400390625,84.633026,87.99694061279297
2012-02-03,1344.9000244140625,87.38532,90.13761138916016
2012-02-06,1344.3299560546875,86.69725,90.90214029947917
2012-02-07,1347.050048828125,86.926605,91.51376342773438
2012-02-08,1349.9599609375,87.61468,91.28440856933594
2012-02-09,1351.949951171875,86.69725,90.90214284261067
2012-02-10,1342.6400146484375,87.61468,89.75535329182942
2012-02-13,1351.77001953125,87.84404,88.83791859944661
2012-02-14,1350.5,85.779816,88.07339477539062
2012-02-15,1343.22998046875,85.779816,86.77369944254558
2012-02-16,1358.0400390625,88.99082,86.39143880208333
2012-02-17,1361.22998046875,87.61468,86.62079366048177
2012-02-21,1362.2099609375,87.38532,87.38532002766927
2012-02-22,1357.6600341796875,86.467896,86.31498209635417
2012-02-23,1363.4599609375,87.61468,85.24464670817058
2012-02-24,1365.739990234375,88.532104,84.86238352457683
2012-02-27,1367.5899658203125,88.99082,84.93883768717448
2012-02-28,1372.1800537109375,87.38532,83.56269073486328
2012-02-29,1365.6800537109375,86.926605,81.57492319742839
2012-03-01,1374.0899658203125,86.926605,80.96330261230469
2012-03-02,1369.6300048828125,87.15596,80.27523040771484
2012-03-05,1364.3299560546875,86.69725,79.12844340006511
2012-03-06,1343.3599853515625,83.25688,71.78899256388347
2012-03-07,1352.6300048828125,84.633026,67.66055170694987
2012-03-08,1365.9100341796875,87.61468,67.58409754435222
2012-03-09,1370.8699951171875,88.073395,74.00611623128255
2012-03-12,1371.0899658203125,87.84404,77.82874552408855
2012-03-13,1395.949951171875,89.6789,81.26911163330078
2012-03-14,1394.280029296875,89.220184,82.33944956461589
2012-03-15,1402.5999755859375,90.13761,85.0917460123698
2012-03-16,1404.1700439453125,90.366974,84.63303120930989
2012-03-19,1409.75,91.28441,85.77982076009114
2012-03-20,1405.52001953125,90.59633,84.93884023030598
2012-03-21,1402.8900146484375,90.366974,84.02140808105469
2012-03-22,1392.780029296875,88.76147,80.19877624511719
2012-03-23,1397.1099853515625,90.366974,77.67583974202473
2012-03-26,1416.510009765625,92.66055,79.51070149739583
2012-03-27,1412.52001953125,92.43119,82.79816436767578
2012-03-28,1405.5400390625,91.513756,84.32721710205078
2012-03-29,1403.280029296875,90.59633,82.18654378255208
2012-03-30,1408.469970703125,90.82569,81.26911163330078
2012-04-02,1419.0400390625,90.366974,82.79816436767578
2012-04-03,1413.3800048828125,91.055046,82.87461853027344
2012-04-04,1398.9599609375,90.13761,79.1284408569336
2012-04-05,1398.0799560546875,89.44954,73.470947265625
2012-04-09,1382.199951171875,86.69725,63.91437276204427
2012-04-10,1358.5899658203125,82.798164,51.376145680745445
2012-04-11,1368.7099609375,85.779816,43.04281234741211
2012-04-12,1387.5699462890625,87.64302,43.91825612386068
2012-04-13,1370.260009765625,84.66819,47.70677185058594
2012-04-16,1369.5699462890625,84.66819,49.1990852355957
2012-04-17,1390.780029296875,87.185356,50.953470865885414
2012-04-18,1385.1400146484375,86.27002,54.767354329427086
2012-04-19,1376.9200439453125,84.66819,55.98779551188151
2012-04-20,1378.530029296875,84.897026,54.462242126464844
2012-04-23,1366.93994140625,82.15103,51.18230311075846
2012-04-24,1371.969970703125,83.98169,50.72463862101237
2012-04-25,1390.68994140625,87.414185,52.479024251302086
2012-04-26,1399.97998046875,88.32952,58.504956563313804
2012-04-27,1403.3599853515625,89.702515,63.768113454182945
2012-04-30,1397.9100341796875,88.100685,64.53088887532552
2012-05-01,1405.8199462890625,89.702515,65.06483459472656
2012-05-02,1402.31005859375,89.702515,64.07322438557942
2012-05-03,1391.5699462890625,87.414185,61.70861943562826
2012-05-04,1369.0999755859375,82.608696,55.75896199544271
2012-05-07,1369.5799560546875,83.75286,50.87719472249349
2012-05-08,1363.719970703125,82.15103,47.902365366617836
2012-05-09,1354.5799560546875,80.09154,45.614036560058594
2012-05-10,1357.989990234375,80.320366,44.16476058959961
2012-05-11,1353.3900146484375,79.8627,42.94431813557943
2012-05-14,1338.3499755859375,76.43021,41.34248606363932
2012-05-15,1330.6600341796875,73.74429,38.493045806884766
2012-05-16,1324.800048828125,70.31963,35.33971405029297
2012-05-17,1304.8599853515625,65.981735,30.74581464131673
2012-05-18,1295.219970703125,61.73121,24.56842867533366
2012-05-21,1315.989990234375,67.653755,21.201672236124676
2012-05-22,1316.6300048828125,67.881546,22.399391810099285
2012-05-23,1318.8599853515625,68.56492,26.11996841430664
2012-05-24,1320.6800537109375,68.79271,28.625662485758465
2012-05-25,1317.8199462890625,68.79271,29.840545654296875
2012-05-29,1332.4200439453125,73.348526,32.95368258158366
2012-05-30,1313.3199462890625,65.831436,31.435080846150715
2012-05-31,1310.3299560546875,64.00911,30.59984842936198
2012-06-01,1278.0400390625,55.80866,23.00683339436849
2012-06-04,1278.1800537109375,54.89749,18.906605402628582
2012-06-05,1285.5,56.947605,15.413818995157877
2012-06-06,1315.1300048828125,63.781322,20.577069600423176
2012-06-07,1314.989990234375,64.69248,25.284738540649414
2012-06-08,1325.6600341796875,66.51481,31.511011123657227
2012-06-11,1308.9300537109375,62.642372,30.52391815185547
2012-06-12,1324.1800537109375,65.603645,32.42217127482096
2012-06-13,1314.8800048828125,61.73121,30.979498545328777
2012-06-14,1329.0999755859375,63.325737,35.003796895345054
2012-06-15,1342.8399658203125,66.7426,39.104024251302086
2012-06-18,1344.780029296875,68.10934,45.33029556274414
2012-06-19,1357.97998046875,72.89294,51.480637868245445
2012-06-20,1355.68994140625,72.209564,54.66970570882162
2012-06-21,1325.510009765625,64.00911,51.70842997233073
2012-06-22,1335.02001953125,65.603645,47.68413162231445
2012-06-25,1313.719970703125,60.364468,40.16704559326172
2012-06-26,1319.989990234375,61.959,38.72437413533529
2012-06-27,1331.8499755859375,63.55353,38.49658457438151
2012-06-28,1329.0400390625,62.870155,42.065301259358726
2012-06-29,1362.1600341796875,71.36363,51.6587282816569
2012-07-02,1365.510009765625,72.5,58.89728673299154
2012-07-03,1374.02001953125,73.86364,68.25757598876953
2012-07-05,1367.5799560546875,73.63637,70.15151468912761
2012-07-06,1354.6800537109375,70.0,69.01514943440755
2012-07-09,1352.4599609375,67.27273,65.15151341756184
2012-07-10,1341.469970703125,65.68182,60.0
2012-07-11,1341.449951171875,64.545456,57.34848658243815
2012-07-12,1334.760009765625,62.272728,54.77272923787435
2012-07-13,1356.780029296875,67.5,57.575757344563804
2012-07-16,1353.6400146484375,65.22727,59.469696044921875
2012-07-17,1363.6700439453125,66.13637,63.6363639831543
2012-07-18,1372.780029296875,70.22727,66.36363855997722
2012-07-19,1376.510009765625,70.90909,70.75757853190105
2012-07-20,1362.6600341796875,65.9864,70.63234456380208
2012-07-23,1350.52001953125,61.904762,65.89139811197917
2012-07-24,1338.31005859375,59.637188,58.352230072021484
2012-07-25,1337.8900146484375,59.86394,54.119425455729164
2012-07-26,1360.02001953125,64.17233,56.08465576171875
2012-07-27,1385.969970703125,71.20181,64.32350540161133
2012-07-30,1385.300048828125,69.61451,71.50415802001953
2012-07-31,1379.3199462890625,67.5737,74.14966074625652
2012-08-01,1375.3199462890625,65.53288,70.67271677652995
2012-08-02,1365.0,63.038548,66.66666793823242
2012-08-03,1390.989990234375,68.25397,67.876038869222
2012-08-06,1394.22998046875,70.97506,71.35298283894856
2012-08-07,1401.3499755859375,75.963715,76.94633229573567
2012-08-08,1402.219970703125,76.41723,78.23129272460938
2012-08-09,1402.800048828125,77.324265,78.68480936686198
2012-08-10,1405.8699951171875,76.41723,78.53363545735677
2012-08-13,1404.1099853515625,75.28345,78.00453440348308
2012-08-14,1403.9300537109375,73.696144,77.09750366210938
2012-08-15,1405.530029296875,75.28345,76.41723124186198
2012-08-16,1415.510009765625,77.77778,76.87074534098308
2012-08-17,1418.1600341796875,78.91157,78.91156260172527
2012-08-20,1418.1300048828125,78.00453,80.12093861897786
2012-08-21,1413.1700439453125,78.458046,79.44066619873047
2012-08-22,1413.489990234375,77.77778,76.8707504272461
2012-08-23,1402.0799560546875,74.82993,73.1670430501302
2012-08-24,1411.1300048828125,76.41723,71.65532938639323
2012-08-27,1410.43994140625,74.82993,70.74829864501953
2012-08-28,1409.300048828125,74.82993,71.57974497477214
2012-08-29,1410.489990234375,75.05669,71.73091634114583
2012-08-30,1399.47998046875,72.56236,71.12622833251953
2012-08-31,1406.5799560546875,73.922905,71.12622833251953
2012-09-04,1404.93994140625,73.696144,71.20181274414062
2012-09-05,1403.43994140625,72.789116,71.35298665364583
2012-09-06,1432.1199951171875,79.13832,74.37641906738281
2012-09-07,1437.9200439453125,82.08617,76.795166015625
2012-09-10,1429.0799560546875,79.818596,79.28949483235677
2012-09-11,1433.56005859375,80.04536,78.23129272460938
2012-09-12,1436.56005859375,80.49887,77.47543334960938
2012-09-13,1459.989990234375,83.219955,79.36507924397786
2012-09-14,1465.77001953125,84.80726,81.40589396158855
2012-09-17,1461.18994140625,82.993195,82.76643880208333
2012-09-18,1459.3199462890625,82.31293,82.31292470296223
2012-09-19,1461.050048828125,80.952385,81.25472513834636
2012-09-20,1460.260009765625,80.952385,80.27210998535156
2012-09-21,1460.1500244140625,80.952385,78.91156514485677
2012-09-24,1456.8900146484375,79.591835,77.70219167073567
2012-09-25,1441.5899658203125,75.73696,74.3764165242513
2012-09-26,1433.3199462890625,75.05669,70.06802622477214
2012-09-27,1447.1500244140625,76.87074,67.95162455240886
2012-09-28,1440.6700439453125,75.05669,67.80045064290364
2012-10-01,1444.489990234375,74.37642,69.00982411702473
2012-10-02,1445.75,73.922905,68.02720896402995
2012-10-03,1450.989990234375,73.696144,68.55631001790364
2012-10-04,1461.4000244140625,77.324265,70.74829864501953
2012-10-05,1460.9300537109375,77.324265,72.56235758463542
2012-10-08,1455.8800048828125,76.41723,73.09145863850911
2012-10-09,1441.47998046875,70.52154,69.38775380452473
2012-10-10,1432.56005859375,69.84127,64.24791971842448
2012-10-11,1432.8399658203125,70.294785,59.71277364095052
2012-10-12,1428.5899658203125,69.525955,55.47911834716797
2012-10-15,1440.1300048828125,71.783295,55.6937624613444
2012-10-16,1454.9200439453125,75.62077,57.78781255086263
2012-10-17,1460.9100341796875,76.297966,63.88262049357096
2012-10-18,1457.3399658203125,75.169304,66.51617940266927
2012-10-19,1433.18994140625,70.428894,63.2054189046224
2012-10-22,1433.8199462890625,69.75169,57.712565104166664
2012-10-23,1413.1099853515625,65.91422,50.489088694254555
2012-10-24,1408.75,64.559814,46.12490590413412
2012-10-25,1412.969970703125,65.46275,44.319037119547524
2012-10-26,1411.93994140625,64.78555,44.770503997802734
2012-10-31,1412.1600341796875,67.042885,47.62979634602865
2012-11-01,1427.5899658203125,71.55756,51.09104537963867
2012-11-02,1414.199951171875,68.39729,53.498870849609375
2012-11-05,1417.260009765625,69.525955,53.27313741048177
2012-11-06,1428.3900146484375,73.36343,53.348382314046226
2012-11-07,1394.530029296875,63.882618,49.81188837687174
2012-11-08,1377.510009765625,59.593678,45.59819412231445
2012-11-09,1379.8499755859375,60.27088,38.4499626159668
2012-11-12,1380.030029296875,59.819412,36.4183603922526
2012-11-13,1374.530029296875,58.690746,35.51542536417643
2012-11-14,1355.489990234375,51.91873,31.903687795003254
2012-11-15,1353.3299560546875,50.790066,27.53950373331706
2012-11-16,1359.8800048828125,54.176075,24.454477945963543
2012-11-19,1386.8900146484375,60.496616,28.893905639648438
2012-11-20,1387.81005859375,62.302483,35.440181732177734
2012-11-21,1391.030029296875,63.205414,41.835968017578125
2012-11-23,1409.1500244140625,68.171555,46.952597300211586
2012-11-26,1406.2900390625,67.042885,50.86531194051107
2012-11-27,1398.93994140625,64.78555,53.57411448160807
2012-11-28,1409.9300537109375,68.171555,54.62753677368164
2012-11-29,1415.949951171875,71.331825,56.58389663696289
2012-11-30,1416.1800537109375,71.331825,60.571859995524086
2012-12-03,1409.4599609375,68.84876,61.09857304890951
2012-12-04,1407.050048828125,68.84876,60.571861267089844
2012-12-05,1409.280029296875,70.20316,60.270880381266274
2012-12-06,1413.93994140625,70.428894,63.43114980061849
2012-12-07,1418.0699462890625,72.009026,67.11813227335612
2012-12-10,1418.550048828125,71.783295,69.67644755045573
2012-12-11,1427.8399658203125,75.62077,71.78329467773438
2012-12-12,1428.47998046875,75.395035,73.96538543701172
2012-12-13,1419.449951171875,73.814896,73.73965199788411
2012-12-14,1413.5799560546875,73.814896,70.72987111409505
2012-12-17,1430.3599853515625,77.878105,69.97742716471355
2012-12-18,1446.7900390625,79.909706,74.41685485839844
2012-12-19,1435.81005859375,78.32957,79.08201599121094
2012-12-20,1443.68994140625,79.909706,81.71557362874348
2012-12-21,1430.1500244140625,76.072235,80.21068318684895
2012-12-24,1426.6600341796875,74.266365,79.53348286946614
2012-12-26,1419.8299560546875,72.234764,75.39503224690755
2012-12-27,1418.0999755859375,72.460495,72.15951538085938
2012-12-28,1402.4300537109375,68.84876,66.59141794840495
2012-12-31,1426.18994140625,74.040634,68.24679819742839
2013-01-02,1462.4200439453125,81.306305,74.80120849609375
2013-01-03,1459.3699951171875,82.432434,84.29015604654948
2013-01-04,1466.469970703125,84.00901,89.56456247965495
2013-01-07,1461.8900146484375,81.53153,89.56456247965495
2013-01-08,1457.1500244140625,80.85586,88.88888804117839
2013-01-09,1461.02001953125,81.08108,88.0630620320638
2013-01-10,1472.1199951171875,83.55856,88.21321360270183
2013-01-11,1472.050048828125,83.33333,88.96396382649739
2013-01-14,1470.6800537109375,82.88288,89.56456502278645
2013-01-15,1472.3399658203125,83.55856,90.09009043375652
2013-01-16,1472.6300048828125,83.33333,90.31531524658203
2013-01-17,1480.93994140625,83.78378,90.91591389973958
2013-01-18,1485.97998046875,84.7191,90.92249298095703
2013-01-22,1492.56005859375,85.16854,91.90369923909505
2013-01-23,1494.81005859375,85.16854,92.28464253743489
2013-01-24,1494.8199462890625,86.51685,92.88389333089192
2013-01-25,1502.9599609375,87.19101,93.03370666503906
2013-01-28,1500.1800537109375,86.74157,93.1835199991862
2013-01-29,1507.8399658203125,87.41573,93.10861460367839
2013-01-30,1501.9599609375,87.41573,92.50936381022136
2013-01-31,1498.1099853515625,87.19101,91.53558095296223
2013-02-01,1513.1700439453125,88.78924,91.31673940022786
2013-02-04,1495.7099609375,86.32287,90.27661641438802
2013-02-05,1511.2900390625,87.89238,90.43348439534505
2013-02-06,1512.1199951171875,88.11659,89.61136118570964
2013-02-07,1509.3900146484375,88.11659,89.23766835530598
2013-02-08,1517.9300537109375,88.340805,88.71449788411458
2013-02-11,1517.010009765625,88.11659,88.19132995605469
2013-02-12,1519.4300537109375,88.565025,89.01345316569011
2013-02-13,1520.3299560546875,88.11659,89.01345316569011
2013-02-14,1521.3800048828125,88.11659,88.78923797607422
2013-02-15,1519.7900390625,87.66816,88.04185231526692
2013-02-19,1530.93994140625,89.01345,87.74289957682292
2013-02-20,1511.949951171875,87.89238,86.02391560872395
2013-02-21,1502.4200439453125,86.7713,81.53961181640625
2013-02-22,1515.5999755859375,87.44395,78.77428944905598
2013-02-25,1487.8499755859375,84.52915,72.7952168782552
2013-02-26,1496.93994140625,85.42601,70.4035873413086
2013-02-27,1515.989990234375,87.44395,69.05829620361328
2013-02-28,1514.6800537109375,87.44395,73.0194320678711
2013-03-01,1518.199951171875,88.565025,76.60687510172527
2013-03-04,1525.199951171875,87.89238,77.65321350097656
2013-03-05,1539.7900390625,90.13453,79.5964126586914
2013-03-06,1541.4599609375,89.23766,81.61435190836589
2013-03-07,1544.260009765625,89.46188,83.03438059488933
2013-03-08,1551.1800537109375,89.6861,84.304931640625
2013-03-11,1556.219970703125,89.6861,85.05231475830078
2013-03-12,1552.47998046875,89.91032,85.50074768066406
2013-03-13,1554.52001953125,89.6861,85.12705739339192
2013-03-14,1563.22998046875,90.35875,85.12705739339192
2013-03-15,1560.699951171875,90.13453,84.52914937337239
2013-03-18,1552.0999755859375,89.46188,82.81016540527344
2013-03-19,1548.3399658203125,89.01345,79.44693756103516
2013-03-20,1558.7099609375,89.23766,78.77428944905598
2013-03-21,1545.800048828125,89.01345,76.68161519368489
2013-03-22,1556.8900146484375,89.01345,76.75635274251302
2013-03-25,1551.68994140625,89.01345,73.91629536946614
2013-03-26,1563.77001953125,89.01345,75.26158396402995
2013-03-27,1562.8499755859375,89.6861,75.56053670247395
2013-03-28,1569.18994140625,89.91032,77.95216623942058
2013-04-01,1562.1700439453125,89.6861,77.27952321370442
2013-04-02,1570.25,89.46188,76.08370971679688
2013-04-03,1553.68994140625,87.89238,71.22571055094402
2013-04-04,1559.97998046875,89.46188,68.60986582438152
2013-04-05,1553.280029296875,89.23766,65.24663798014323
2013-04-08,1563.0699462890625,90.58296,66.59192911783855
2013-04-09,1568.6099853515625,89.91032,68.08669535319011
2013-04-10,1587.72998046875,91.25561,73.76681264241536
2013-04-11,1593.3699951171875,92.152466,78.62480926513672
2013-04-12,1588.8499755859375,91.47982,81.09117889404297
2013-04-15,1552.3599853515625,87.66816,73.16890716552734
2013-04-16,1574.5699462890625,89.01345,67.18983459472656
2013-04-17,1552.010009765625,86.54708,58.96860885620117
2013-04-18,1541.6099853515625,85.2018,56.053811391194664
2013-04-19,1555.25,85.65022,52.16741434733073
2013-04-22,1562.5,86.99552,52.24215316772461
2013-04-23,1578.780029296875,89.01345,58.669656117757164
2013-04-24,1578.7900390625,90.35875,64.27503712972005
2013-04-25,1585.1600341796875,90.807175,70.77727762858073
2013-04-26,1582.239990234375,89.46188,71.15097045898438
2013-04-29,1593.6099853515625,90.58296,72.64574178059895
2013-04-30,1597.5699462890625,91.47982,73.5426025390625
2013-05-01,1582.699951171875,89.6861,74.06577046712239
2013-05-02,1597.5899658203125,91.25561,74.21524556477864
2013-05-03,1614.4200439453125,91.92825,76.00896708170573
2013-05-06,1617.5,92.82511,80.79222615559895
2013-05-07,1625.9599609375,93.273544,84.60388692220052
2013-05-08,1632.68994140625,93.49776,86.621826171875
2013-05-09,1626.6700439453125,93.06487,87.45381418863933
2013-05-10,1633.699951171875,93.95973,88.35836537679036
2013-05-13,1633.77001953125,93.736015,88.06860605875652
2013-05-14,1650.3399658203125,93.95973,89.63460032145183
2013-05-15,1658.780029296875,93.95973,90.52945454915364
2013-05-16,1650.469970703125,93.95973,91.94630940755208
2013-05-17,1667.469970703125,94.40716,92.69202168782552
2013-05-20,1666.2900390625,94.18344,92.91573333740234
2013-05-21,1669.1600341796875,94.40716,92.84116109212239
2013-05-22,1655.3499755859375,93.95973,90.08202616373698
2013-05-23,1650.510009765625,93.736015,85.90603892008464
2013-05-24,1649.5999755859375,93.28859,81.80462137858073
2013-05-28,1660.06005859375,92.84116,80.08948516845703
2013-05-29,1648.3599853515625,91.49888,77.77777862548828
2013-05-30,1654.4100341796875,91.49888,76.28635660807292
2013-05-31,1630.739990234375,90.38031,71.43922678629558
2013-06-03,1640.4200439453125,90.827736,69.20208994547527
2013-06-04,1631.3800048828125,90.15659,65.24981435139973
2013-06-05,1608.9000244140625,88.59061,60.25354258219401
2013-06-06,1622.56005859375,89.48546,57.34526570638021
2013-06-07,1643.3800048828125,89.93289,58.016405741373696
2013-06-10,1642.81005859375,88.814316,62.1923942565918
2013-06-11,1626.1300048828125,85.68233,61.67039489746094
2013-06-12,1612.52001953125,84.34004,56.89783732096354
2013-06-13,1636.3599853515625,87.47203,56.82326634724935
2013-06-14,1626.72998046875,87.47203,57.19612248738607
2013-06-17,1639.0400390625,88.36689,61.521254221598305
2013-06-18,1651.81005859375,89.709175,63.31096267700195
2013-06-19,1628.9300537109375,85.523384,62.9283078511556
2013-06-20,1588.18994140625,77.060135,53.850714365641274
2013-06-21,1592.4300537109375,78.17372,42.76169204711914
2013-06-24,1573.0899658203125,75.94655,33.036376317342125
2013-06-25,1588.030029296875,80.40089,32.0712693532308
2013-06-26,1603.260009765625,82.62806,33.704528172810875
2013-06-27,1613.199951171875,84.44444,40.49905141194662
2013-06-28,1606.280029296875,83.77778,45.288954416910805
2013-07-01,1614.9599609375,84.66667,49.555555979410805
2013-07-02,1614.0799560546875,84.0,50.074075063069664
2013-07-03,1615.4100341796875,83.55556,50.29629770914713
2013-07-05,1631.8900146484375,83.33333,52.222222646077476
2013-07-08,1640.4599609375,84.66667,56.51851908365885
2013-07-09,1652.3199462890625,86.22222,62.814812978108726
2013-07-10,1652.6199951171875,85.333336,65.85185114542644
2013-07-11,1675.02001953125,90.22222,71.85185241699219
2013-07-12,1680.18994140625,90.66667,76.37037150065105
2013-07-15,1682.5,90.44444,80.9629643758138
2013-07-16,1676.260009765625,90.22222,81.33333333333333
2013-07-17,1680.9100341796875,90.66667,81.85185241699219
2013-07-18,1689.3699951171875,90.66667,82.44444274902344
2013-07-19,1692.0899658203125,90.44444,83.40740458170573
2013-07-22,1695.530029296875,91.333336,83.70370229085286
2013-07-23,1692.3900146484375,91.333336,83.55555470784505
2013-07-24,1685.93994140625,89.55556,81.70370483398438
2013-07-25,1690.25,90.44444,80.44444529215495
2013-07-26,1691.6500244140625,89.77778,79.03704071044922
2013-07-29,1685.3299560546875,88.22222,78.00000254313152
2013-07-30,1685.9599609375,89.111115,77.48148345947266
2013-07-31,1685.72998046875,88.666664,77.40740712483723
2013-08-01,1706.8699951171875,89.33333,80.29629516601562
2013-08-02,1709.6700439453125,88.22222,81.62962849934895
2013-08-05,1707.1400146484375,88.0,82.51851654052734
2013-08-06,1697.3699951171875,87.77778,81.0370356241862
2013-08-07,1690.9100341796875,86.666664,78.66666412353516
2013-08-08,1697.47998046875,87.11111,77.77777608235677
2013-08-09,1691.4200439453125,88.22222,76.51851654052734
2013-08-12,1689.469970703125,87.11111,76.37036895751953
2013-08-13,1694.1600341796875,87.11111,75.33333333333333
2013-08-14,1685.3900146484375,87.11111,73.70370483398438
2013-08-15,1661.3199462890625,82.666664,68.07407633463542
2013-08-16,1655.8299560546875,80.666664,60.51851908365885
2013-08-19,1646.06005859375,78.66667,53.185184478759766
2013-08-20,1652.3499755859375,80.44444,51.85185114542643
2013-08-21,1642.800048828125,79.111115,50.222222646077476
2013-08-22,1656.9599609375,81.333336,52.29629770914713
2013-08-23,1663.5,82.0,53.703704833984375
2013-08-26,1656.780029296875,80.88889,55.62962977091471
2013-08-27,1630.47998046875,76.22222,49.48148091634115
2013-08-28,1634.9599609375,76.666664,42.96296183268229
2013-08-29,1638.1700439453125,77.111115,39.03703689575195
2013-08-30,1632.969970703125,75.77778,38.14814758300781
2013-09-03,1639.77001953125,74.666664,38.14814758300781
2013-09-04,1653.0799560546875,75.77778,40.074073791503906
2013-09-05,1655.0799560546875,75.77778,44.59259287516276
2013-09-06,1655.1700439453125,76.0,47.703704833984375
2013-09-09,1671.7099609375,78.66667,51.62962977091471
2013-09-10,1683.989990234375,81.333336,57.92592748006185
2013-09-11,1689.1300048828125,82.0,64.88888931274414
2013-09-12,1683.4200439453125,79.77778,66.29629770914714
2013-09-13,1687.989990234375,80.22223,66.29629770914714
2013-09-16,1697.5999755859375,82.0,67.25926208496094
2013-09-17,1704.760009765625,83.111115,70.59259287516277
2013-09-18,1725.52001953125,87.77778,76.1481450398763
2013-09-19,1722.3399658203125,87.11111,79.40740458170573
2013-09-20,1709.9100341796875,84.44444,80.0
2013-09-23,1701.8399658203125,83.77778,76.0
2013-09-24,1697.4200439453125,82.44445,72.22222137451172
2013-09-25,1692.77001953125,81.11111,69.99999745686848
2013-09-26,1698.6700439453125,82.44445,69.70370483398438
2013-09-27,1691.75,80.22223,68.29629770914714
2013-09-30,1681.550048828125,78.44444,66.3703727722168
2013-10-01,1695.0,80.22223,66.29629643758138
2013-10-02,1693.8699951171875,79.77778,67.85185368855794
2013-10-03,1678.6600341796875,77.33333,66.74074172973633
2013-10-04,1690.5,77.55556,64.66666793823242
2013-10-07,1676.1199951171875,76.666664,60.5185178120931
2013-10-08,1655.449951171875,74.88889,55.925926208496094
2013-10-09,1656.4000244140625,74.88889,49.555555979410805
2013-10-10,1692.56005859375,79.55555,54.592594146728516
2013-10-11,1703.199951171875,81.77778,65.92592748006184
2013-10-14,1710.1400146484375,82.666664,77.62963104248047
2013-10-15,1698.06005859375,77.55556,76.88888804117839
2013-10-16,1721.5400390625,82.92683,77.49511210123698
2013-10-17,1733.1500244140625,85.587585,79.94891866048177
2013-10-18,1744.5,86.031044,85.2919438680013
2013-10-21,1744.6600341796875,85.36585,87.28750864664714
2013-10-22,1754.6700439453125,86.91796,88.1005147298177
2013-10-23,1746.3800048828125,86.031044,87.58314514160156
2013-10-24,1752.0699462890625,85.36585,87.36141713460286
2013-10-25,1759.77001953125,86.69623,86.10495249430339
2013-10-28,1762.1099853515625,85.587585,86.10495249430339
2013-10-29,1771.949951171875,86.91796,86.10495249430339
2013-10-30,1763.31005859375,85.587585,84.99630482991536
2013-10-31,1756.5400390625,84.92239,83.5920181274414
2013-11-01,1761.6400146484375,84.92239,81.6703618367513
2013-11-04,1767.9300537109375,86.031044,82.03990936279297
2013-11-05,1762.969970703125,84.70067,82.3355484008789
2013-11-06,1770.489990234375,85.80931,82.1138203938802
2013-11-07,1747.1500244140625,84.478935,78.86178843180339
2013-11-08,1770.6099853515625,84.92239,77.45750172932942
2013-11-11,1771.8900146484375,84.92239,76.71840413411458
2013-11-12,1767.68994140625,83.59202,77.23577372233073
2013-11-13,1782.0,85.14413,77.53141530354817
2013-11-14,1790.6199951171875,86.031044,78.49224090576172
2013-11-15,1798.1800537109375,86.25277,81.22690327962239
2013-11-18,1791.530029296875,85.840706,81.75882466634114
2013-11-19,1787.8699951171875,84.07079,80.29779815673828
2013-11-20,1781.3699951171875,81.858406,77.21239217122395
2013-11-21,1795.8499755859375,83.40708,76.17994181315105
2013-11-22,1804.760009765625,83.849556,76.54867299397786
2013-11-25,1802.47998046875,83.849556,77.35988108317058
2013-11-26,1802.75,82.9646,77.28613535563152
2013-11-27,1807.22998046875,83.62832,76.69616444905598
2013-11-29,1805.81005859375,83.62832,76.54867299397786
2013-12-02,1800.9000244140625,83.18584,75.66371663411458
2013-12-03,1795.1500244140625,82.522125,73.7463150024414
2013-12-04,1792.81005859375,82.74336,71.31268564860027
2013-12-05,1785.030029296875,82.522125,68.95280456542969
2013-12-06,1805.0899658203125,82.9646,70.57522074381511
2013-12-09,1808.3699951171875,83.849556,72.64011637369792
2013-12-10,1802.6199951171875,81.858406,74.18878936767578
2013-12-11,1782.219970703125,79.42478,69.54277165730794
2013-12-12,1775.5,78.36645,63.30624516805013
2013-12-13,1775.3199462890625,78.5872,58.691158294677734
2013-12-16,1786.5400390625,79.9117,58.940399169921875
2013-12-17,1781.0,79.028694,58.866814931233726
2013-12-18,1810.6500244140625,81.456955,62.76674016316732
2013-12-19,1809.5999755859375,80.7947,64.31199518839519
2013-12-20,1818.3199462890625,82.1192,69.5364252726237
2013-12-23,1827.989990234375,82.56071,71.08168029785156
2013-12-24,1833.3199462890625,83.22295,74.39293670654297
2013-12-26,1842.02001953125,83.44371,76.01177215576172
2013-12-27,1841.4000244140625,84.105965,77.1155268351237
2013-12-30,1841.0699462890625,84.98896,77.99853006998698
2013-12-31,1848.3599853515625,84.76821,79.39661661783855
2014-01-02,1831.97998046875,82.33995,78.36644490559895
2014-01-03,1831.3699951171875,81.677704,76.60043843587239
2014-01-06,1826.77001953125,81.2362,72.7005132039388
2014-01-07,1837.8800048828125,82.781456,72.99484761555989
2014-01-08,1837.489990234375,81.89846,72.11184692382812
2014-01-09,1838.1300048828125,82.781456,73.1420160929362
2014-01-10,1842.3699951171875,84.76821,74.02501678466797
2014-01-13,1819.199951171875,81.677704,72.7005132039388
2014-01-14,1838.8800048828125,83.44371,73.36276499430339
2014-01-15,1848.3800048828125,84.54746,72.40618133544922
2014-01-16,1845.8900146484375,84.54746,74.54010264078777
2014-01-17,1838.699951171875,83.22295,73.4363505045573
2014-01-21,1843.800048828125,84.76821,72.9212646484375
2014-01-22,1844.8599853515625,84.54746,73.28918202718098
2014-01-23,1828.4599609375,82.1192,71.67034403483073
2014-01-24,1790.2900390625,76.37969,62.693155924479164
2014-01-27,1781.56005859375,75.93819,52.24429702758789
2014-01-28,1792.5,78.14569,46.504782358805336
2014-01-29,1774.199951171875,76.37969,45.033111572265625
2014-01-30,1794.18994140625,80.57395,47.9028689066569
2014-01-31,1782.5899658203125,78.807945,47.68211873372396
2014-02-03,1741.8900146484375,67.770424,44.0765266418457
2014-02-04,1755.199951171875,71.30243,38.925680796305336
2014-02-05,1751.6400146484375,70.86093,34.80500411987305
2014-02-06,1773.4300537109375,73.95143,38.33701197306315
2014-02-07,1797.02001953125,77.04194,43.19352467854818
2014-02-10,1799.8399658203125,77.7042,48.27078755696615
2014-02-11,1819.75,80.7947,53.34805043538412
2014-02-12,1819.260009765625,80.3532,56.14422353108724
2014-02-13,1829.8299560546875,82.56071,60.632816314697266
2014-02-14,1838.6300048828125,83.22295,64.23840967814128
2014-02-18,1840.760009765625,83.22295,67.54966735839844
2014-02-19,1828.75,81.677704,67.32891845703125
2014-02-20,1839.780029296875,83.22295,67.18175252278645
2014-02-21,1836.25,83.00221,66.51950073242188
2014-02-24,1847.6099853515625,84.105965,68.50625356038411
2014-02-25,1845.1199951171875,83.22295,68.8005854288737
2014-02-26,1845.1600341796875,84.105965,69.83075459798177
2014-02-27,1854.2900390625,85.20972,70.56659189860027
2014-02-28,1859.449951171875,86.09272,72.6269302368164
2014-03-03,1845.72998046875,84.326706,71.96467844645183
2014-03-04,1873.9100341796875,86.31347,74.17218271891277
2014-03-05,1873.81005859375,84.98896,75.86460367838542
2014-03-06,1877.030029296875,84.326706,80.2060317993164
2014-03-07,1878.0400390625,85.43046,80.94186655680339
2014-03-10,1877.1700439453125,86.53421,81.38336690266927
2014-03-11,1867.6300048828125,85.87196,80.6475321451823
2014-03-12,1868.199951171875,85.43046,79.98528289794922
2014-03-13,1846.3399658203125,83.44371,75.71744028727214
2014-03-14,1841.1300048828125,81.677704,71.74392954508464
2014-03-17,1858.8299560546875,84.326706,70.78734334309895
2014-03-18,1872.25,85.651215,75.27593994140625
2014-03-19,1860.77001953125,85.43046,77.85136413574219
2014-03-20,1872.010009765625,84.98896,77.99853006998698
2014-03-21,1866.52001953125,85.43046,75.79102325439453
2014-03-24,1857.43994140625,84.98896,73.4363505045573
2014-03-25,1865.6199951171875,86.09272,71.22884368896484
2014-03-26,1852.56005859375,83.88521,66.66666412353516
2014-03-27,1849.0400390625,83.44371,63.35540517171224
2014-03-28,1857.6199951171875,84.105965,61.88373565673828
2014-03-31,1872.3399658203125,86.09272,65.56291198730469
2014-04-01,1885.52001953125,87.19647,72.99484761555989
2014-04-02,1890.9000244140625,88.74172,78.14569346110027
2014-04-03,1888.77001953125,89.18322,80.42678324381511
2014-04-04,1865.0899658203125,85.43046,76.7476069132487
2014-04-07,1845.0400390625,81.01545,67.99116897583008
2014-04-08,1851.9599609375,83.22295,60.706400553385414
2014-04-09,1872.1800537109375,85.20972,59.23473103841146
2014-04-10,1833.0799560546875,79.028694,56.512142181396484
2014-04-11,1815.68994140625,74.17219,49.448123931884766
2014-04-14,1830.6099853515625,75.93819,41.05960210164388
2014-04-15,1842.97998046875,78.5872,39.955848693847656
2014-04-16,1862.31005859375,81.2362,44.444444020589195
2014-04-17,1864.8499755859375,82.56071,49.00662358601888
2014-04-21,1871.8900146484375,83.44371,52.75938415527344
2014-04-22,1879.550048828125,84.76821,55.55555725097656
2014-04-23,1875.3900146484375,84.76821,56.80647532145182
2014-04-24,1878.6099853515625,83.88521,57.689476013183594
2014-04-25,1863.4000244140625,80.3532,55.40838750203451
2014-04-28,1869.4300537109375,79.4702,53.20088195800781
2014-04-29,1878.3299560546875,80.57395,52.39146296183268
2014-04-30,1883.949951171875,81.456955,54.52538553873698
2014-05-01,1883.6800537109375,81.01545,57.17439270019531
2014-05-02,1881.1400146484375,81.05727,58.45562235514323
2014-05-05,1884.6600341796875,81.05727,58.26631418863932
2014-05-06,1867.719970703125,78.85463,54.69897206624349
2014-05-07,1878.2099609375,79.29515,53.230542500813804
2014-05-08,1875.6300048828125,79.73569,52.34948603312174
2014-05-09,1878.47998046875,81.71806,54.919237772623696
2014-05-12,1896.6500244140625,85.022026,58.957419077555336
2014-05-13,1897.449951171875,83.92071,62.114540100097656
2014-05-14,1888.530029296875,81.277534,63.215861002604164
2014-05-15,1870.8499755859375,78.85463,57.856093088785805
2014-05-16,1877.8599853515625,80.39648,54.552127838134766
2014-05-19,1885.0799560546875,81.05727,53.45080693562826
2014-05-20,1872.8299560546875,79.07489,53.0102793375651
2014-05-21,1888.030029296875,81.277534,53.0102793375651
2014-05-22,1892.489990234375,82.59912,54.185020446777344
2014-05-23,1900.530029296875,83.48017,59.98531595865885
2014-05-27,1911.9100341796875,85.24229,66.88693237304688
2014-05-28,1909.780029296875,84.5815,71.2187983194987
2014-05-29,1920.030029296875,85.24229,74.52276102701823
2014-05-30,1923.5699462890625,85.022026,74.96328989664714
2014-06-02,1924.969970703125,85.462555,76.87224833170573
2014-06-03,1924.239990234375,85.462555,77.67988586425781
2014-06-04,1927.8800048828125,86.34361,78.85462951660156
2014-06-05,1940.4599609375,87.0044,81.49780019124348
2014-06-06,1949.43994140625,88.79121,84.51695251464844
2014-06-09,1951.27001953125,89.670334,86.65633900960286
2014-06-10,1950.7900390625,88.35165,86.08058675130208
2014-06-11,1943.8900146484375,87.25275,84.10256449381511
2014-06-12,1930.1099853515625,85.49451,80.80586242675781
2014-06-13,1936.1600341796875,86.81319,79.12088012695312
2014-06-16,1937.780029296875,86.15385,78.16850026448567
2014-06-17,1941.989990234375,87.69231,80.5860824584961
2014-06-18,1956.97998046875,89.45055,83.5897445678711
2014-06-19,1959.47998046875,87.91209,86.81318664550781
2014-06-20,1962.8699951171875,87.47253,88.42490641276042
2014-06-23,1962.6099853515625,87.69231,87.83882649739583
2014-06-24,1949.97998046875,86.37363,85.49450429280598
2014-06-25,1959.530029296875,86.37363,83.15018208821614
2014-06-26,1957.219970703125,85.27473,81.02563985188802
2014-06-27,1960.9599609375,85.05495,80.8058598836263
2014-06-30,1960.22998046875,85.71429,80.58607991536458
2014-07-01,1973.3199462890625,87.69231,82.41758219401042
2014-07-02,1974.6199951171875,87.47253,83.2967046101888
2014-07-03,1985.43994140625,89.670334,84.76190694173177
2014-07-07,1977.6500244140625,87.69231,83.66300455729167
2014-07-08,1963.7099609375,84.83517,82.34432220458984
2014-07-09,1972.8299560546875,85.49451,80.65933990478516
2014-07-10,1964.6800537109375,83.51649,78.16849772135417
2014-07-11,1967.5699462890625,83.29671,76.77655792236328
2014-07-14,1977.0999755859375,83.95605,75.45787811279297
2014-07-15,1973.280029296875,84.17583,75.67765808105469
2014-07-16,1981.5699462890625,84.61539,75.16483561197917
2014-07-17,1958.1199951171875,80.43956,70.47618993123372
2014-07-18,1978.219970703125,82.85715,69.01099014282227
2014-07-21,1973.6300048828125,81.75824,67.10623041788737
2014-07-22,1983.530029296875,82.63737,70.25641377766927
2014-07-23,1987.010009765625,83.51649,70.76923370361328
2014-07-24,1987.97998046875,83.95605,71.35531361897786
2014-07-25,1978.3399658203125,80.87912,68.93773142496745
2014-07-28,1978.9100341796875,81.31868,66.0805892944336
2014-07-29,1969.949951171875,78.68132,61.75824483235677
2014-07-30,1970.0699462890625,78.24176,58.461541493733726
2014-07-31,1930.6700439453125,69.07895,48.76566696166992
2014-08-01,1925.1500244140625,68.64035,40.244361877441406
2014-08-04,1938.989990234375,69.51754,35.16081873575846
2014-08-05,1920.2099609375,66.66667,33.33333269755045
2014-08-06,1920.239990234375,66.00877,32.45614051818848
2014-08-07,1909.5699462890625,62.7193,27.266082127888996
2014-08-08,1931.5899658203125,70.39474,29.38596471150716
2014-08-11,1936.9200439453125,72.149124,33.55263137817383
2014-08-12,1933.75,70.83333,38.08479436238607
2014-08-13,1946.719970703125,71.929825,40.78947321573893
2014-08-14,1955.1800537109375,73.9035,43.78654861450195
2014-08-15,1955.06005859375,73.24561,47.80701700846354
2014-08-18,1971.739990234375,77.19298,53.65496953328451
2014-08-19,1981.5999755859375,80.26315,58.84502919514974
2014-08-20,1986.510009765625,80.92105,65.27777735392253
2014-08-21,1992.3699951171875,82.23685,68.64035034179688
2014-08-22,1988.4000244140625,81.57895,69.00584665934245
2014-08-25,1997.9200439453125,83.55263,69.95614115397136
2014-08-26,2000.02001953125,82.89474,69.1520487467448
2014-08-27,2000.1199951171875,83.11404,70.32164001464844
2014-08-28,1996.739990234375,82.89474,70.32164001464844
2014-08-29,2003.3699951171875,83.55263,72.00292460123698
2014-09-02,2002.280029296875,82.67544,73.5380121866862
2014-09-03,2000.719970703125,82.45614,74.92690022786458
2014-09-04,1997.6500244140625,83.11404,74.34210459391277
2014-09-05,2007.7099609375,83.99123,74.92690022786458
2014-09-08,2001.5400390625,81.79824,74.48830159505208
2014-09-09,1988.43994140625,79.16667,73.39181264241536
2014-09-10,1995.68994140625,80.48246,70.1754379272461
2014-09-11,1997.449951171875,81.35965,68.64035034179688
2014-09-12,1985.5400390625,78.289474,65.57017389933269
2014-09-15,1984.1300048828125,77.412285,62.86549504597982
2014-09-16,1998.97998046875,78.289474,61.33041000366211
2014-09-17,2001.5699462890625,79.60526,62.71929931640625
2014-09-18,2011.3599853515625,81.35965,65.57017517089844
2014-09-19,2010.4000244140625,79.16667,66.08187103271484
2014-09-22,1994.2900390625,74.7807,63.4502919514974
2014-09-23,1982.77001953125,71.05263,57.45614115397135
2014-09-24,1998.300048828125,73.30416,53.76070022583008
2014-09-25,1965.989990234375,65.864334,48.10341262817383
2014-09-26,1982.8499755859375,69.58424,46.75419235229492
2014-09-29,1977.800048828125,68.92779,43.3260383605957
2014-09-30,1972.2900390625,66.95843,43.61779657999674
2014-10-01,1946.1600341796875,62.144424,38.73085403442383
2014-10-02,1946.1700439453125,62.582058,34.79212188720703
2014-10-03,1967.9000244140625,66.95843,36.83442687988281
2014-10-06,1964.8199462890625,65.20788,40.700218200683594
2014-10-07,1935.0999755859375,57.549232,39.02261161804199
2014-10-08,1968.8900146484375,63.676147,37.928520838419594
2014-10-09,1928.2099609375,57.330418,33.62509218851725
2014-10-10,1906.1300048828125,49.671772,32.312182108561196
2014-10-13,1874.739990234375,42.01313,23.85120391845703
2014-10-14,1877.699951171875,42.01313,20.78774642944336
2014-10-15,1862.489990234375,41.137856,18.088986078898113
2014-10-16,1862.760009765625,42.450764,17.724288940429688
2014-10-17,1886.760009765625,46.608315,18.234865188598633
2014-10-20,1904.010009765625,52.183407,23.026573181152344
2014-10-21,1941.280029296875,62.227077,32.621615727742515
2014-10-22,1927.1099853515625,57.641922,38.35516611735026
2014-10-23,1950.8199462890625,63.31878,44.17758305867513
2014-10-24,1964.5799560546875,67.03056,48.253274281819664
2014-10-27,1961.6300048828125,66.812225,53.85735066731771
2014-10-28,1985.050048828125,72.925766,60.48034922281901
2014-10-29,1982.300048828125,71.61572,63.46433893839518
2014-10-30,1994.6500244140625,73.36244,68.04949188232422
2014-10-31,2018.050048828125,77.074234,71.90684254964192
2014-11-03,2017.81005859375,77.29257,76.12809244791667
2014-11-04,2012.0999755859375,75.98254,78.2387186686198
2014-11-05,2023.5699462890625,77.51092,78.09315745035808
2014-11-06,2031.2099609375,79.69433,79.03929901123047
2014-11-07,2031.9200439453125,79.47598,81.36826578776042
2014-11-10,2038.260009765625,80.34934,82.67831166585286
2014-11-11,2039.6800537109375,79.91266,83.8427963256836
2014-11-12,2038.25,79.69433,84.49781799316406
2014-11-13,2039.3299560546875,78.602615,84.71615600585938
2014-11-14,2039.8199462890625,78.82096,84.64337666829427
2014-11-17,2041.3199462890625,79.47598,84.78893788655598
2014-11-18,2051.800048828125,80.786026,86.39010365804036
2014-11-19,2048.719970703125,79.69433,86.97234344482422
2014-11-20,2052.75,80.56769,88.06404622395833
2014-11-21,2063.5,83.187775,88.86462910970052
2014-11-24,2069.409912109375,83.187775,90.32023366292317
2014-11-25,2067.030029296875,83.8428,90.97525533040364
2014-11-26,2072.830078125,83.40611,91.26637522379558
2014-11-28,2067.56005859375,81.00437,90.46579488118489
2014-12-01,2053.43994140625,79.47598,88.42794799804688
2014-12-02,2066.550048828125,80.34934,86.75400288899739
2014-12-03,2074.330078125,83.40611,86.46288045247395
2014-12-04,2071.919921875,83.187775,87.48180389404297
2014-12-05,2075.3701171875,83.40611,87.7729263305664
2014-12-08,2060.31005859375,81.659386,87.11790720621745
2014-12-09,2059.820068359375,81.44105,86.02620442708333
2014-12-10,2026.1400146484375,77.074234,82.8966547648112
2014-12-11,2035.3299560546875,78.602615,80.64046732584636
2014-12-12,2002.3299560546875,73.799126,76.41921488444011
2014-12-15,1989.6300048828125,72.48908,72.05240376790364
2014-12-16,1972.739990234375,70.30567,65.50218454996745
2014-12-17,2012.8900146484375,75.54585,65.57496388753255
2014-12-18,2061.22998046875,79.47598,71.39737955729167
2014-12-19,2070.64990234375,80.34934,79.83988189697266
2014-12-22,2078.5400390625,80.786026,84.64337412516277
2014-12-23,2082.169921875,82.09607,86.17175801595052
2014-12-24,2081.8798828125,81.659386,86.82677968343098
2014-12-26,2088.77001953125,82.75109,87.26346333821614
2014-12-29,2090.570068359375,82.96944,87.40902455647786
2014-12-30,2080.35009765625,81.659386,86.60844421386719
2014-12-31,2058.89990234375,81.22271,83.55167388916016
2015-01-02,2058.199951171875,81.00437,80.2765630086263
2015-01-05,2020.5799560546875,76.41922,70.96069590250652
2015-01-06,2002.6099853515625,72.925766,58.80640411376953
2015-01-07,2025.9000244140625,74.23581,50.727803548177086
2015-01-08,2062.139892578125,78.16594,55.167396545410156
2015-01-09,2044.81005859375,75.32751,61.426493326822914
2015-01-12,2028.260009765625,74.23581,61.499271392822266
2015-01-13,2023.030029296875,73.144104,55.6768544514974
2015-01-14,2011.27001953125,71.397385,51.23726272583008
2015-01-15,1992.6700439453125,68.340614,46.7248903910319
2015-01-16,2019.4200439453125,71.397385,45.56040700276693
2015-01-20,2022.550048828125,70.9607,45.92430750528971
2015-01-21,2032.1199951171875,74.45415,49.92721939086914
2015-01-22,2063.14990234375,76.855896,55.1673952738444
2015-01-23,2051.820068359375,75.10917,59.38864771525065
2015-01-26,2057.090087890625,75.54585,63.60989888509115
2015-01-27,2029.550048828125,72.270744,59.82532755533854
2015-01-28,2002.1600341796875,68.99563,55.02183405558268
2015-01-29,2021.25,71.61572,50.655022939046226
2015-01-30,1994.989990234375,67.90393,46.652112325032554
2015-02-02,2020.8499755859375,70.08734,46.94323221842448
2015-02-03,2050.030029296875,75.10917,51.01892217000326
2015-02-04,2041.510009765625,73.799126,56.986899058024086
2015-02-05,2062.52001953125,75.98254,63.90101877848307
2015-02-06,2055.469970703125,77.51092,64.33770116170247
2015-02-09,2046.739990234375,76.855896,64.7016003926595
2015-02-10,2068.590087890625,78.602615,64.6288210550944
2015-02-11,2068.530029296875,79.257645,65.57496515909831
2015-02-12,2088.47998046875,81.44105,70.30567932128906
2015-02-13,2096.989990234375,82.96944,71.90684254964192
2015-02-17,2100.340087890625,83.8428,74.38136800130208
2015-02-18,2099.679931640625,82.75109,75.32750956217448
2015-02-19,2097.449951171875,83.187775,76.27365366617839
2015-02-20,2110.300048828125,84.49782,78.02037811279297
2015-02-23,2109.659912109375,83.40611,79.03930155436198
2015-02-24,2115.47998046875,84.27948,80.1310043334961
2015-02-25,2113.860107421875,84.27948,79.2576421101888
2015-02-26,2110.739990234375,83.187775,77.58369700113933
2015-02-27,2104.5,83.187775,75.69140879313152
2015-03-02,2117.389892578125,82.96944,74.96360778808594
2015-03-03,2107.780029296875,82.31441,74.30858612060547
2015-03-04,2098.530029296875,80.56769,72.7802022298177
2015-03-05,2101.0400390625,80.131004,71.10625712076823
2015-03-06,2071.260009765625,75.54585,67.394468943278
2015-03-09,2079.429931640625,75.98254,65.64774576822917
2015-03-10,2044.1600341796875,72.270744,58.58806482950846
2015-03-11,2040.239990234375,72.0524,55.45851516723633
2015-03-12,2065.949951171875,75.76419,55.09461466471354
2015-03-13,2053.39990234375,73.799126,57.64192199707031
2015-03-16,2081.18994140625,76.41922,61.863173166910805
2015-03-17,2074.280029296875,75.54585,61.935952504475914
2015-03-18,2099.5,79.0393,66.66666666666667
2015-03-19,2089.27001953125,77.51092,67.83114878336589
2015-03-20,2108.10009765625,80.34934,72.34352366129558
2015-03-23,2104.419921875,80.56769,72.78020477294922
2015-03-24,2091.5,78.602615,72.78020477294922
2015-03-25,2061.050048828125,74.67249,65.50218200683594
2015-03-26,2056.14990234375,72.270744,59.02474466959635
2015-03-27,2061.02001953125,73.144104,55.02183405558268
2015-03-30,2086.239990234375,76.855896,59.606988271077476
2015-03-31,2067.889892578125,74.5098,61.819410959879555
2015-04-01,2059.68994140625,73.202614,60.833946228027344
2015-04-02,2066.9599609375,75.1634,57.734205881754555
2015-04-06,2080.6201171875,76.90632,60.13072077433268
2015-04-07,2076.330078125,75.59913,62.74509938557943
2015-04-08,2081.89990234375,76.25272,64.05228805541992
2015-04-09,2091.179931640625,76.68845,63.10820388793945
2015-04-10,2102.06005859375,77.99564,64.7058817545573
2015-04-13,2092.429931640625,76.03486,64.12490971883138
2015-04-14,2095.840087890625,77.99564,62.672478993733726
2015-04-15,2106.6298828125,79.302826,61.6557731628418
2015-04-16,2104.989990234375,78.64923,61.94626108805338
2015-04-17,2081.179931640625,76.68845,57.00798797607422
2015-04-20,2100.39990234375,78.43137,54.9745839436849
2015-04-21,2097.2900390625,77.77778,53.086419423421226
2015-04-22,2107.9599609375,79.08497,57.95206960042318
2015-04-23,2112.929931640625,80.39216,59.62236658732096
2015-04-24,2117.68994140625,79.73856,61.00217819213867
2015-04-27,2108.919921875,78.64923,59.404501597086586
2015-04-28,2114.760009765625,79.302826,56.93536504109701
2015-04-29,2106.85009765625,79.302826,53.376904805501304
2015-04-30,2085.510009765625,73.85621,48.29339090983073
2015-05-01,2108.2900390625,77.77778,46.76833724975586
2015-05-04,2114.489990234375,79.08497,48.72912089029948
2015-05-05,2089.4599609375,71.895424,49.60058085123698
2015-05-06,2080.14990234375,71.67756,46.042120615641274
2015-05-07,2088.0,72.11329,42.55628204345703
2015-05-08,2116.10009765625,75.81699,47.42193094889323
2015-05-11,2105.330078125,73.63834,52.36020278930664
2015-05-12,2099.1201171875,73.63834,53.812636057535805
2015-05-13,2098.47998046875,74.07407,51.56136703491211
2015-05-14,2121.10009765625,77.77778,54.17574564615885
2015-05-15,2122.72998046875,79.08497,59.11401621500651
2015-05-18,2129.199951171875,80.17429,64.70588048299153
2015-05-19,2127.830078125,79.73856,66.15831247965495
2015-05-20,2125.85009765625,78.8671,67.02977244059245
2015-05-21,2130.820068359375,79.73856,66.73928578694661
2015-05-22,2126.06005859375,77.99564,65.72258377075195
2015-05-26,2104.199951171875,74.07407,60.784314473470054
2015-05-27,2123.47998046875,75.81699,58.678287506103516
2015-05-28,2120.7900390625,76.25272,57.58896255493164
2015-05-29,2107.389892578125,73.202614,57.51633961995443
2015-06-01,2111.72998046875,74.07407,55.70079803466797
2015-06-02,2109.60009765625,72.766884,53.23166147867838
2015-06-03,2114.070068359375,70.8061,54.10312143961588
2015-06-04,2095.840087890625,66.88453,51.92447280883789
2015-06-05,2092.830078125,66.66667,49.600582122802734
2015-06-08,2079.280029296875,64.923744,45.02541732788086
2015-06-09,2080.14990234375,64.70589,41.97530873616537
2015-06-10,2105.199951171875,68.409584,43.137254079182945
2015-06-11,2108.860107421875,69.716774,47.42193094889323
2015-06-12,2094.110107421875,66.66667,50.762526194254555
2015-06-15,2084.429931640625,65.14161,48.87436294555664
2015-06-16,2096.2900390625,66.66667,46.69571431477865
2015-06-17,2100.43994140625,67.102394,46.62309265136719
2015-06-18,2121.239990234375,71.459694,52.142337799072266
2015-06-19,2109.989990234375,68.409584,55.991285959879555
2015-06-22,2122.85009765625,69.716774,60.71169408162435
2015-06-23,2124.199951171875,69.281044,60.421207427978516
2015-06-24,2108.580078125,66.66667,57.6615842183431
2015-06-25,2102.31005859375,65.795204,52.86855443318685
2015-06-26,2101.489990234375,66.88453,49.52795918782552
2015-06-29,2057.639892578125,57.516342,42.411038080851235
2015-06-30,2063.110107421875,57.952072,37.54538790384928
2015-07-01,2077.419921875,61.220043,33.69644101460775
2015-07-02,2076.780029296875,59.912853,36.6013069152832
2015-07-06,2068.760009765625,59.219086,37.49245834350586
2015-07-07,2081.340087890625,62.906723,39.24498621622721
2015-07-08,2046.6800537109375,55.748375,37.310194651285805
2015-07-09,2051.31005859375,55.965294,36.29790242513021
2015-07-10,2076.6201171875,59.65293,36.6594352722168
2015-07-13,2099.60009765625,63.123642,43.45625432332357
2015-07-14,2108.949951171875,64.859,51.12075169881185
2015-07-15,2107.39990234375,64.42516,54.51916249593099
2015-07-16,2124.2900390625,66.81128,57.26681137084961
2015-07-17,2126.639892578125,63.34056,57.339117685953774
2015-07-20,2128.280029296875,63.123642,58.71294148763021
2015-07-21,2119.2099609375,59.65293,55.892983754475914
2015-07-22,2114.14990234375,60.08677,55.09761174519857
2015-07-23,2102.14990234375,58.87446,52.169195810953774
2015-07-24,2079.64990234375,56.060608,49.173325856526695
2015-07-27,2067.639892578125,54.329002,44.733044942220054
2015-07-28,2093.25,58.00866,44.22799428304037
2015-07-29,2108.570068359375,61.03896,48.62914911905924
2015-07-30,2108.6298828125,61.255413,54.0404052734375
2015-07-31,2103.840087890625,63.419914,57.1428591410319
2015-08-03,2098.0400390625,64.28571,57.21500905354818
2015-08-04,2093.320068359375,62.33766,56.85425821940104
2015-08-05,2099.840087890625,62.554115,57.14285786946615
2015-08-06,2083.56005859375,61.471863,56.42135747273763
2015-08-07,2077.570068359375,63.203465,55.555555979410805
2015-08-10,2104.179931640625,64.71861,56.493507385253906
2015-08-11,2084.070068359375,63.636364,56.78210703531901
2015-08-12,2086.050048828125,64.06927,55.98845672607422
2015-08-13,2083.389892578125,63.203465,53.24675369262695
2015-08-14,2091.5400390625,65.800865,54.1847038269043
2015-08-17,2102.43994140625,66.66667,57.07070541381836
2015-08-18,2096.919921875,64.06927,59.16305669148763
2015-08-19,2079.610107421875,63.419914,57.287156422932945
2015-08-20,2035.72998046875,55.84416,50.50505065917969
2015-08-21,1970.8900146484375,43.939392,38.744589487711586
2015-08-24,1893.2099609375,22.727274,24.242424329121906
2015-08-25,1867.6099853515625,20.56277,12.84271272023519
2015-08-26,1940.510009765625,29.65368,9.01875909169515
2015-08-27,1987.6600341796875,38.528137,13.275613149007162
2015-08-28,1988.8699951171875,37.44589,19.047618865966797
2015-08-31,1972.1800537109375,33.982685,20.490620295206707
2015-09-01,1913.8499755859375,23.593075,15.728715896606445
2015-09-02,1948.8599853515625,30.51948,12.265512466430664
2015-09-03,1951.1300048828125,31.16883,11.616161982218424
2015-09-04,1921.219970703125,26.190477,12.33766237894694
2015-09-08,1969.4100341796875,34.848484,15.223665237426758
2015-09-09,1942.0400390625,30.952381,15.007214864095053
2015-09-10,1952.2900390625,31.601732,17.460317611694336
2015-09-11,1961.050048828125,34.199135,17.821067810058594
2015-09-14,1953.030029296875,32.683983,19.769119262695312
2015-09-15,1978.0899658203125,35.930737,23.160172780354817
2015-09-16,1995.31005859375,37.878788,27.272727330525715
2015-09-17,1990.199951171875,38.528137,32.25108210245768
2015-09-18,1958.030029296875,33.54978,32.25108210245768
2015-09-21,1966.969970703125,35.930737,31.096680959065754
2015-09-22,1942.739990234375,31.16883,26.40692710876465
2015-09-23,1938.760009765625,31.818182,25.036075592041016
2015-09-24,1932.239990234375,31.16883,21.861472447713215
2015-09-25,1931.3399658203125,32.467533,22.43867301940918
2015-09-28,1881.77001953125,24.891775,18.614719072977703
2015-09-29,1884.0899658203125,26.190477,15.728715896606445
2015-09-30,1920.030029296875,30.735931,14.790764490763346
2015-10-01,1923.8199462890625,30.51948,18.181817690531414
2015-10-02,1951.3599853515625,35.281384,24.314573923746746
2015-10-05,1987.050048828125,40.476192,33.04473304748535
2015-10-06,1979.9200439453125,38.74459,39.97114054361979
2015-10-07,1995.8299560546875,41.55844,46.53679656982422
2015-10-08,2013.4300537109375,44.588745,50.432900746663414
2015-10-09,2014.8900146484375,43.939392,56.709957122802734
2015-10-12,2017.4599609375,45.238094,60.82251103719076
2015-10-13,2003.68994140625,41.774895,60.389610290527344
2015-10-14,1994.239990234375,40.043293,56.6378059387207
2015-10-15,2023.8599853515625,45.021645,56.20490519205729
2015-10-16,2033.1099853515625,46.536797,57.86435572306315
2015-10-19,2033.6600341796875,45.788338,62.29184595743815
2015-10-20,2030.77001953125,46.652267,64.4072634379069
2015-10-21,2018.93994140625,42.76458,64.6508305867513
2015-10-22,2052.510009765625,48.164146,67.67458724975586
2015-10-23,2075.14990234375,50.97192,71.05831527709961
2015-10-26,2071.179931640625,49.460045,76.3138936360677
2015-10-27,2065.889892578125,48.38013,76.81785329182942
2015-10-28,2090.35009765625,56.37149,77.75377909342448
2015-10-29,2089.409912109375,55.72354,78.47372182210286
2015-10-30,2079.360107421875,53.13175,79.98560078938802
2015-11-02,2104.050048828125,58.53132,80.1295903523763
2015-11-03,2109.7900390625,59.39525,80.56155649820964
2015-11-04,2102.31005859375,58.099354,81.28149922688802
2015-11-05,2099.929931640625,58.53132,80.56155649820964
2015-11-06,2099.199951171875,57.88337,78.61771138509114
2015-11-09,2078.580078125,54.427647,75.95392608642578
2015-11-10,2081.719970703125,54.211662,74.51404062906902
2015-11-11,2075.0,54.427647,73.79409790039062
2015-11-12,2045.969970703125,47.948162,71.13031005859375
2015-11-13,2023.0400390625,44.060474,65.44276428222656
2015-11-16,2053.18994140625,49.89201,62.92296600341797
2015-11-17,2050.43994140625,48.812096,61.91504669189453
2015-11-18,2083.580078125,54.859608,66.45068359375
2015-11-19,2081.239990234375,54.956894,68.84573364257812
2015-11-20,2089.169921875,58.405174,72.53698984781902
2015-11-23,2086.590087890625,57.974136,73.34770202636719
2015-11-24,2089.139892578125,59.051723,73.20402272542317
2015-11-25,2088.8701171875,59.267242,73.49137878417969
2015-11-27,2090.110107421875,59.91379,73.85057322184245
2015-11-30,2080.409912109375,59.482758,73.9224141438802
2015-12-01,2102.6298828125,62.068962,75.86207071940105
2015-12-02,2079.510009765625,59.051723,75.21552022298177
2015-12-03,2049.6201171875,51.724136,70.25862248738606
2015-12-04,2091.68994140625,58.62069,67.16954167683919
2015-12-07,2077.070068359375,55.818962,64.94252904256184
2015-12-08,2063.590087890625,54.310345,65.15804672241211
2015-12-09,2047.6199951171875,49.568966,59.05172475179037
2015-12-10,2052.22998046875,50.64655,53.160919189453125
2015-12-11,2012.3699951171875,43.53448,44.61206817626953
2015-12-14,2021.93994140625,44.181034,39.15229797363281
2015-12-15,2043.4100341796875,50.86207,37.859195709228516
2015-12-16,2073.070068359375,55.172413,46.3362070719401
2015-12-17,2041.8900146484375,50.86207,50.21551767985026
2015-12-18,2005.550048828125,45.47414,45.833333333333336
2015-12-21,2021.1500244140625,47.41379,38.72126388549805
2015-12-22,2038.969970703125,50.21552,38.936780293782554
2015-12-23,2064.2900390625,54.310345,47.19827524820963
2015-12-24,2060.989990234375,54.094826,53.66379419962565
2015-12-28,2056.5,53.87931,55.96264394124349
2015-12-29,2078.360107421875,57.758625,57.830458323160805
2015-12-30,2063.360107421875,55.818962,57.902295430501304
2015-12-31,2043.93994140625,51.508625,54.81321716308594
2016-01-04,2012.6600341796875,45.689655,43.96551704406738
2016-01-05,2016.7099609375,46.12069,36.494253158569336
2016-01-06,1990.260009765625,39.439655,30.387930552164715
2016-01-07,1943.0899658203125,32.543106,26.293102900187176
2016-01-08,1922.030029296875,27.155172,19.468390464782715
2016-01-11,1923.6700439453125,27.801725,15.445401827494303
2016-01-12,1938.6800537109375,30.603447,15.948275566101074
2016-01-13,1890.280029296875,24.568966,15.732758522033691
2016-01-14,1921.8399658203125,27.155172,15.517241795857748
2016-01-15,1880.3299560546875,23.060345,12.787356694539389
2016-01-19,1881.3299560546875,24.568966,12.643678347269693
2016-01-20,1859.3299560546875,21.76724,10.704022725423178
2016-01-21,1868.989990234375,20.905172,10.560344696044922
2016-01-22,1906.9000244140625,26.939655,11.853448232014975
2016-01-25,1877.0799560546875,24.568966,13.505747159322103
2016-01-26,1903.6300048828125,28.23276,16.594827969868977
2016-01-27,1882.949951171875,27.155172,16.163793245951336
2016-01-28,1893.3599853515625,25.862068,18.10344886779785
2016-01-29,1940.239990234375,34.91379,22.413793563842773
2016-02-01,1939.3800048828125,35.560345,28.591954549153645
2016-02-02,1903.030029296875,30.818966,30.67528788248698
2016-02-03,1912.530029296875,30.603447,30.316092173258465
2016-02-04,1915.449951171875,31.681034,29.454023996988933
2016-02-05,1880.050048828125,26.293104,29.238506317138672
2016-02-08,1853.43994140625,23.491379,26.29310417175293
2016-02-09,1852.2099609375,24.13793,23.70689646402995
2016-02-10,1851.8599853515625,25.431034,23.70689646402995
2016-02-11,1829.0799560546875,22.413794,23.204022725423176
2016-02-12,1864.780029296875,26.939655,24.78448232014974
2016-02-16,1895.5799560546875,29.956896,28.663792928059895
2016-02-17,1926.8199462890625,34.91379,36.781609217325844
2016-02-18,1917.8299560546875,32.97414,42.385058085123696
2016-02-19,1917.780029296875,34.698277,45.905172983805336
2016-02-22,1945.5,39.439655,49.425286610921226
2016-02-23,1921.27001953125,36.63793,50.64655049641927
2016-02-24,1929.800048828125,37.71552,53.01723988850912
2016-02-25,1951.699951171875,40.517242,54.45402272542318
2016-02-26,1948.050048828125,41.37931,58.83620580037435
2016-02-29,1932.22998046875,39.87069,60.201148986816406
2016-03-01,1978.3499755859375,48.060345,64.51149495442708
2016-03-02,1986.449951171875,48.922413,69.46839141845703
2016-03-03,1993.4000244140625,52.37069,77.37068939208984
2016-03-04,1999.989990234375,54.094826,80.81896464029948
2016-03-07,2001.760009765625,55.60345,82.4712651570638
2016-03-08,1979.260009765625,50.86207,80.0287373860677
2016-03-09,1989.260009765625,52.155174,78.59195454915364
2016-03-10,1989.5699462890625,52.37069,78.08908081054688
2016-03-11,2022.18994140625,60.344826,83.33333333333333
2016-03-14,2019.6400146484375,60.344826,86.92528788248698
2016-03-15,2015.9300537109375,57.974136,89.58333333333333
2016-03-16,2027.219970703125,60.560345,89.65517171223958
2016-03-17,2040.5899658203125,63.14655,90.15804545084636
2016-03-18,2049.580078125,65.30172,91.88218434651692
2016-03-21,2051.60009765625,64.655174,92.74425252278645
2016-03-22,2049.800048828125,65.73276,93.75
2016-03-23,2036.7099609375,60.991375,93.67815907796223
2016-03-24,2035.93994140625,61.206894,93.24712626139323
2016-03-28,2037.050048828125,61.206894,92.60057322184245
2016-03-29,2055.010009765625,64.00862,92.88793182373047
2016-03-30,2063.949951171875,66.16379,94.10919443766277
2016-03-31,2059.739990234375,67.88793,94.89942423502605
2016-04-01,2072.780029296875,68.75,95.47413635253906
2016-04-04,2066.1298828125,67.88793,95.1149419148763
2016-04-05,2045.1700439453125,62.71552,93.67816162109375
2016-04-06,2066.659912109375,66.81035,93.10344950358073
2016-04-07,2041.9100341796875,64.00862,90.37356567382812
2016-04-08,2047.5999755859375,64.655174,89.43965657552083
2016-04-11,2041.989990234375,63.36207,86.85344950358073
2016-04-12,2061.719970703125,66.16379,87.71551767985027
2016-04-13,2082.419921875,71.12069,89.58333333333333
2016-04-14,2082.780029296875,70.68965,91.16379038492839
2016-04-15,2080.72998046875,71.76724,92.16953786214192
2016-04-18,2094.340087890625,72.62931,92.16953786214192
2016-04-19,2100.800048828125,75.215515,92.74425252278645
2016-04-20,2102.39990234375,77.58621,91.23563130696614
2016-04-21,2091.47998046875,76.93965,86.92528788248698
2016-04-22,2091.580078125,78.23276,83.11781565348308
2016-04-25,2087.7900390625,76.50862,80.53160858154297
2016-04-26,2091.699951171875,79.74138,80.38792928059895
2016-04-27,2095.14990234375,81.465515,80.60344696044922
2016-04-28,2075.81005859375,75.64655,79.66953786214192
2016-04-29,2065.300048828125,72.62931,76.3649419148763
2016-05-02,2081.429931640625,76.293106,74.64080301920573
2016-05-03,2063.3701171875,71.55172,72.62931060791016
2016-05-04,2051.1201171875,67.67242,71.04884847005208
2016-05-05,2050.6298828125,67.02586,66.16379165649414
2016-05-06,2057.139892578125,68.965515,64.8706881205241
2016-05-09,2058.68994140625,69.39655,65.1580441792806
2016-05-10,2084.389892578125,74.13793,68.96551513671875
2016-05-11,2064.4599609375,70.905174,68.46264139811198
2016-05-12,2064.110107421875,70.043106,67.6005744934082
2016-05-13,2046.6099853515625,68.31896,61.63793055216471
2016-05-16,2066.659912109375,70.043106,60.416666666666664
2016-05-17,2047.2099609375,68.534485,56.53735605875651
2016-05-18,2047.6300048828125,70.25862,54.45402399698893
2016-05-19,2040.0400390625,68.10345,49.06609217325846
2016-05-20,2052.320068359375,72.19828,48.77873611450195
2016-05-23,2048.0400390625,69.61207,48.706896464029946
2016-05-24,2076.06005859375,76.50862,54.238505045572914
2016-05-25,2090.5400390625,78.66379,59.48275883992513
2016-05-26,2090.10009765625,77.58621,65.15804672241211
2016-05-27,2099.06005859375,80.38793,68.03161112467448
2016-05-31,2096.949951171875,80.17242,69.39655303955078
2016-06-01,2099.330078125,79.956894,71.40804545084636
2016-06-02,2105.260009765625,81.034485,73.13218180338542
2016-06-03,2099.1298828125,78.66379,73.77873229980469
2016-06-06,2109.409912109375,79.74138,74.35344696044922
2016-06-07,2112.1298828125,81.25,74.56896464029948
2016-06-08,2119.1201171875,82.11207,76.86781565348308
2016-06-09,2115.47998046875,79.52586,77.4425277709961
2016-06-10,2096.070068359375,75.86207,74.42528788248698
2016-06-13,2079.06005859375,73.706894,67.60057576497395
2016-06-14,2075.320068359375,72.41379,61.35057576497396
2016-06-15,2071.5,72.41379,57.47126388549805
2016-06-16,2077.989990234375,72.41379,57.040228525797524
2016-06-17,2071.219970703125,71.55172,56.752872467041016
2016-06-20,2083.25,74.13793,59.9137929280599
2016-06-21,2088.89990234375,74.56896,62.28448486328125
2016-06-22,2085.449951171875,74.13793,65.15804799397786
2016-06-23,2113.320068359375,78.01724,68.39080556233723
2016-06-24,2037.4100341796875,65.30172,59.33907953898112
2016-06-27,2000.5400390625,59.267242,45.617815017700195
2016-06-28,2036.0899658203125,64.00862,32.83045895894369
2016-06-29,2070.77001953125,67.88793,36.9252872467041
2016-06-30,2098.860107421875,71.98276,49.568965911865234
2016-07-01,2102.949951171875,71.33621,58.97988764444987
2016-07-05,2088.550048828125,68.3871,60.664320627848305
2016-07-06,2099.72998046875,68.81721,60.40508270263672
2016-07-07,2097.89990234375,68.81721,59.068102518717446
2016-07-08,2129.89990234375,74.19355,65.23297754923503
2016-07-11,2137.159912109375,75.48387,70.75268809000652
2016-07-12,2152.139892578125,77.63441,78.20788319905598
2016-07-13,2152.429931640625,77.63441,81.0752665201823
2016-07-14,2163.75,79.35484,83.87096659342448
2016-07-15,2161.739990234375,80.0,84.58781433105469
2016-07-18,2166.889892578125,80.645164,85.66308339436848
2016-07-19,2163.780029296875,80.21506,85.0179214477539
2016-07-20,2173.02001953125,81.935486,85.08960469563802
2016-07-21,2165.169921875,80.860214,84.37275695800781
2016-07-22,2175.030029296875,83.01075,85.08960469563802
2016-07-25,2168.47998046875,82.58064,84.44444274902344
2016-07-26,2169.179931640625,83.22581,84.58781178792317
2016-07-27,2166.580078125,83.22581,82.1505355834961
2016-07-28,2170.06005859375,83.22581,80.43010711669922
2016-07-29,2173.60009765625,82.150536,78.42293802897136
2016-08-01,2170.840087890625,81.07527,77.27598317464192
2016-08-02,2157.030029296875,79.139786,74.26523081461589
2016-08-03,2163.7900390625,81.72043,72.40143330891927
2016-08-04,2164.25,80.43011,71.11111195882161
2016-08-05,2182.8701171875,85.16129,73.40501658121745
2016-08-08,2180.889892578125,85.80645,74.19354756673177
2016-08-09,2181.739990234375,84.731186,74.69534047444661
2016-08-10,2175.489990234375,84.30107,73.11828104654948
2016-08-11,2185.7900390625,85.5914,72.83154296875
2016-08-12,2184.050048828125,85.5914,73.1899642944336
2016-08-15,2190.14990234375,85.5914,74.12186431884766
2016-08-16,2178.14990234375,84.731186,73.04659525553386
2016-08-17,2182.219970703125,85.40773,72.20684051513672
2016-08-18,2187.02001953125,85.19313,71.65274556477864
2016-08-19,2183.8701171875,86.0515,71.81688181559245
2016-08-22,2182.639892578125,86.0515,71.81688181559245
2016-08-23,2186.89990234375,86.695274,71.459228515625
2016-08-24,2175.43994140625,86.2661,70.67238871256511
2016-08-25,2172.469970703125,85.19313,69.17024230957031
2016-08-26,2169.0400390625,83.04721,66.52360534667969
2016-08-29,2180.3798828125,84.97854,66.02289072672527
2016-08-30,2176.1201171875,83.90558,65.52217610677083
2016-08-31,2170.949951171875,83.476395,65.02145894368489
2016-09-01,2170.860107421875,83.69099,63.80543518066406
2016-09-02,2179.97998046875,84.97854,64.16308848063152
2016-09-06,2186.47998046875,86.695274,65.37911224365234
2016-09-07,2186.159912109375,85.836914,66.30901336669922
2016-09-08,2181.300048828125,84.97854,64.80686696370442
2016-09-09,2127.81005859375,77.46781,55.86552174886068
2016-09-12,2159.0400390625,82.403435,50.21459197998047
2016-09-13,2127.02001953125,77.6824,41.7739626566569
2016-09-14,2125.77001953125,77.03863,40.12875493367513
2016-09-15,2147.260009765625,78.969955,38.125892639160156
2016-09-16,2139.159912109375,78.75536,38.841200510660805
2016-09-19,2139.1201171875,79.39914,41.34477742513021
2016-09-20,2139.760009765625,77.6824,41.416308085123696
2016-09-21,2163.1201171875,80.72806,46.81328201293945
2016-09-22,2177.179931640625,83.08351,53.92117182413737
2016-09-23,2164.68994140625,80.513916,58.52962112426758
2016-09-26,2146.10009765625,78.58672,57.17344665527344
2016-09-27,2159.929931640625,80.29979,54.461100260416664
2016-09-28,2171.3701171875,82.22698,54.96074422200521
2016-09-29,2151.1298828125,80.085655,53.31905873616537
2016-09-30,2168.27001953125,81.79871,53.17630259195963
2016-10-03,2161.199951171875,80.085655,51.03497441609701
2016-10-04,2150.489990234375,75.37473,51.10635248819987
2016-10-05,2159.72998046875,76.068375,49.78540929158529
2016-10-06,2160.77001953125,76.068375,49.391919453938804
2016-10-07,2153.739990234375,73.290596,49.287750244140625
2016-10-10,2163.659912109375,75.0,48.71794891357422
2016-10-11,2136.72998046875,70.08547,43.66096750895182
2016-10-12,2139.179931640625,71.794876,40.170939127604164
2016-10-13,2132.550048828125,72.86324,34.25925954182943
2016-10-14,2132.97998046875,70.726494,32.47863324483236
2016-10-17,2126.5,69.65812,30.626782099405926
2016-10-18,2139.60009765625,72.008545,31.623932520548504
2016-10-19,2144.2900390625,72.008545,33.90313466389974
2016-10-20,2141.340087890625,70.726494,36.1823361714681
2016-10-21,2141.159912109375,69.871796,36.609686533610024
2016-10-24,2151.330078125,72.649574,37.46438725789388
2016-10-25,2143.159912109375,69.871796,37.678062438964844
2016-10-26,2139.429931640625,67.73504,38.03418731689453
2016-10-27,2133.0400390625,63.675213,35.32763544718424
2016-10-28,2126.409912109375,64.74359,34.47293472290039
2016-10-31,2126.14990234375,67.73504,36.39601262410482
2016-11-01,2111.719970703125,62.68657,36.65752410888672
2016-11-02,2097.93994140625,58.848614,34.57164764404297
2016-11-03,2088.659912109375,58.422173,29.92181968688965
2016-11-04,2085.179931640625,58.422173,28.216063181559246
2016-11-07,2131.52001953125,64.605545,33.83084487915039
2016-11-08,2139.56005859375,66.52452,41.648898442586265
2016-11-09,2163.260009765625,67.16418,50.67519505818685
2016-11-10,2167.47998046875,65.24521,54.44207636515299
2016-11-11,2164.449951171875,65.45842,55.792466481526695
2016-11-14,2164.199951171875,65.03198,56.716417948404946
2016-11-15,2180.389892578125,66.52452,57.71144231160482
2016-11-16,2176.93994140625,65.884865,58.91968663533529
2016-11-17,2187.1201171875,68.4435,60.412225087483726
2016-11-18,2181.89990234375,68.23028,61.051883697509766
2016-11-21,2198.179931640625,70.78892,62.75764083862305
2016-11-22,2202.93994140625,70.78892,64.32125091552734
2016-11-23,2204.719970703125,71.00213,65.81378936767578
2016-11-25,2213.35009765625,72.70789,67.7327651977539
2016-11-28,2201.719970703125,70.57569,68.37242380777995
2016-11-29,2204.659912109375,71.00213,69.43852233886719
2016-11-30,2198.81005859375,66.73774,67.2352523803711
2016-12-01,2191.080078125,64.17911,63.610520680745445
2016-12-02,2191.949951171875,63.965885,60.27007929484049
2016-12-05,2204.7099609375,65.884865,59.98578770955404
2016-12-06,2212.22998046875,67.59062,62.757642110188804
2016-12-07,2241.35009765625,70.36247,66.45344797770183
2016-12-08,2246.18994140625,72.28145,70.00710805257161
2016-12-09,2259.530029296875,72.06823,73.34754943847656
2016-12-12,2256.9599609375,73.34755,75.97725931803386
2016-12-13,2271.719970703125,75.266525,78.60696919759114
2016-12-14,2253.280029296875,71.64179,77.9673080444336
2016-12-15,2262.030029296875,72.06823,76.90120951334636
2016-12-16,2258.070068359375,72.28145,74.84008534749348
2016-12-19,2262.530029296875,71.85501,75.69296518961589
2016-12-20,2270.760009765625,73.13432,76.68798828125
2016-12-21,2265.179931640625,71.21535,77.68301391601562
2016-12-22,2260.9599609375,69.936035,77.04335530598958
2016-12-23,2263.7900390625,70.149254,76.90120951334636
2016-12-27,2268.8798828125,70.57569,77.32764943440755
2016-12-28,2249.919921875,68.23028,76.26155090332031
2016-12-29,2249.260009765625,69.72282,74.98223368326823
2016-12-30,2238.830078125,67.59062,71.92608388264973
2017-01-03,2257.830078125,70.36247,73.70291392008464
2017-01-04,2270.75,73.56077,77.04335530598958
2017-01-05,2269.0,73.77399,82.01847839355469
2017-01-06,2276.97998046875,74.41364,84.36389414469402
2017-01-09,2268.89990234375,72.28145,83.22672271728516
2017-01-10,2268.89990234375,73.34755,81.44989267985027
2017-01-11,2275.320068359375,73.77399,80.8102315266927
2017-01-12,2270.43994140625,73.13432,80.66808319091797
2017-01-13,2274.639892578125,74.200424,81.30774434407552
2017-01-17,2267.889892578125,75.479744,80.09950256347656
2017-01-18,2271.889892578125,75.479744,80.17057800292969
2017-01-19,2263.68994140625,73.34755,77.32764943440755
2017-01-20,2271.31005859375,73.77399,76.40369669596355
2017-01-23,2265.199951171875,73.13432,73.34754689534505
2017-01-24,2280.070068359375,75.479744,75.19544982910156
2017-01-25,2298.3701171875,76.54584,77.04335276285808
2017-01-26,2296.679931640625,76.33263,79.53091684977214
2017-01-27,2294.68994140625,74.41364,78.32267252604167
2017-01-30,2280.89990234375,74.200424,74.4136479695638
2017-01-31,2278.8701171875,75.69296,71.2864252726237
2017-02-01,2279.550048828125,73.61702,67.3323351542155
2017-02-02,2280.85009765625,75.53192,65.58090845743816
2017-02-03,2297.419921875,76.59575,66.6666653951009
2017-02-06,2292.56005859375,75.53192,68.86524709065755
2017-02-07,2293.080078125,76.17021,70.70921834309895
2017-02-08,2294.669921875,77.65958,70.0709228515625
2017-02-09,2307.8701171875,80.42553,72.19858296712239
2017-02-10,2316.10009765625,81.702126,75.46099344889323
2017-02-13,2328.25,82.76595,79.71631113688152
2017-02-14,2337.580078125,82.97873,81.7730484008789
2017-02-15,2349.25,84.46809,82.97872416178386
2017-02-16,2347.219970703125,84.25532,82.83687845865886
2017-02-17,2351.159912109375,84.25532,82.62411244710286
2017-02-21,2365.3798828125,87.23405,82.97872161865234
2017-02-22,2362.820068359375,85.53191,82.90780131022136
2017-02-23,2363.81005859375,85.53191,83.04964447021484
2017-02-24,2367.340087890625,87.65958,82.83687845865886
2017-02-27,2369.75,87.23405,83.26241048177083
2017-02-28,2363.639892578125,87.44681,82.90780131022136
2017-03-01,2395.9599609375,88.297874,83.26241048177083
2017-03-02,2381.919921875,87.44681,82.76595560709636
2017-03-03,2383.1201171875,87.44681,82.97872161865234
2017-03-06,2375.31005859375,85.95745,81.27659352620442
2017-03-07,2368.389892578125,84.893616,79.64538828531902
2017-03-08,2362.97998046875,81.48936,77.44680531819661
2017-03-09,2364.8701171875,81.914894,75.03545888264973
2017-03-10,2372.60009765625,81.914894,73.8297856648763
2017-03-13,2373.469970703125,82.97873,73.47517649332683
2017-03-14,2365.449951171875,82.34042,73.61702219645183
2017-03-15,2385.260009765625,85.53191,75.03546142578125
2017-03-16,2381.3798828125,84.46809,75.9574483235677
2017-03-17,2378.25,85.53191,77.30496470133464
2017-03-20,2373.469970703125,84.46809,76.31205749511719
2017-03-21,2344.02001953125,81.702126,70.85106404622395
2017-03-22,2348.449951171875,82.12766,66.73758951822917
2017-03-23,2345.9599609375,83.19149,62.69503529866537
2017-03-24,2343.97998046875,82.97873,63.120566050211586
2017-03-27,2341.590087890625,82.55319,61.27659479777018
2017-03-28,2358.570068359375,83.82979,61.34751764933268
2017-03-29,2361.1298828125,84.68085,62.26950327555338
2017-03-30,2368.06005859375,84.25532,64.96453603108723
2017-03-31,2362.719970703125,84.04256,65.88652038574219
2017-04-03,2358.840087890625,83.19149,64.96453475952148
2017-04-04,2360.159912109375,83.19149,63.47517522176107
2017-04-05,2352.949951171875,82.34042,60.78014246622721
2017-04-06,2357.489990234375,83.19149,60.70922088623047
2017-04-07,2355.5400390625,82.76595,59.574469248453774
2017-04-10,2357.159912109375,82.97873,60.354610443115234
2017-04-11,2353.780029296875,82.97873,59.64539082845052
2017-04-12,2344.929931640625,82.76595,57.0212771097819
2017-04-13,2328.949951171875,79.78724,51.27659606933594
2017-04-17,2349.010009765625,81.48936,49.36170323689779
2017-04-18,2342.18994140625,80.0,49.29078165690104
2017-04-19,2338.169921875,80.6383,51.773049672444664
2017-04-20,2355.840087890625,82.34042,53.54609934488932
2017-04-21,2348.68994140625,81.914894,55.248226165771484
2017-04-24,2374.14990234375,83.40425,59.99999872843424
2017-04-25,2388.610107421875,84.68085,62.482269287109375
2017-04-26,2387.449951171875,84.04256,65.9574483235677
2017-04-27,2388.77001953125,83.40425,66.95035807291667
2017-04-28,2384.199951171875,82.377914,65.84165445963542
2017-05-01,2388.330078125,81.104034,64.16678110758464
2017-05-02,2391.169921875,81.316345,62.56192525227865
2017-05-03,2388.1298828125,80.042465,61.358811696370445
2017-05-04,2389.52001953125,78.34395,61.64189529418945
2017-05-05,2399.2900390625,81.52866,62.9157829284668
2017-05-08,2399.3798828125,81.104034,63.83581034342448
2017-05-09,2396.919921875,80.89172,64.18966674804688
2017-05-10,2399.6298828125,81.316345,63.41117858886719
2017-05-11,2394.43994140625,80.679405,63.9065793355306
2017-05-12,2390.89990234375,79.87288,62.87304941813151
2017-05-15,2402.320068359375,81.14407,63.392590840657554
2017-05-16,2400.669921875,79.23729,63.1355946858724
2017-05-17,2357.030029296875,75.21187,60.16949208577474
2017-05-18,2365.719970703125,75.0,55.72033818562826
2017-05-19,2381.72998046875,77.9661,54.23728688557943
2017-05-22,2394.02001953125,78.81356,58.12146759033203
2017-05-23,2398.419921875,79.44915,62.00564956665039
2017-05-24,2404.389892578125,78.81356,64.40678024291992
2017-05-25,2415.070068359375,79.44915,66.24294026692708
2017-05-26,2415.820068359375,78.60169,67.86723327636719
2017-05-30,2412.909912109375,78.38983,68.64407094319661
2017-05-31,2411.800048828125,77.754234,68.57344818115234
2017-06-01,2430.06005859375,80.296616,70.48022715250652
2017-06-02,2439.070068359375,80.296616,73.02259826660156
2017-06-05,2436.10009765625,79.23729,74.57626851399739
2017-06-06,2429.330078125,78.60169,73.02259826660156
2017-06-07,2433.139892578125,79.23729,71.32768249511719
2017-06-08,2433.7900390625,79.66102,71.32768249511719
2017-06-09,2431.77001953125,80.296616,73.44632720947266
2017-06-12,2429.389892578125,81.35593,75.98870086669922
2017-06-13,2440.35009765625,83.05085,78.60169728597005
2017-06-14,2437.919921875,81.779655,79.16666666666667
2017-06-15,2432.4599609375,80.720345,79.09604390462239
2017-06-16,2433.14990234375,82.203384,77.75423685709636
2017-06-19,2453.4599609375,81.99152,78.53107452392578
2017-06-20,2437.030029296875,80.50848,77.40113067626953
2017-06-21,2435.610107421875,79.23729,75.56497192382812
2017-06-22,2434.5,79.87288,71.46892801920573
2017-06-23,2438.300048828125,80.296616,70.19774373372395
2017-06-26,2439.070068359375,81.35593,70.69209289550781
2017-06-27,2419.3798828125,80.296616,70.2683614095052
2017-06-28,2440.68994140625,81.99152,71.39830271402995
2017-06-29,2419.699951171875,80.08475,68.00847244262695
2017-06-30,2423.409912109375,80.932205,67.79660924275716
2017-07-03,2429.010009765625,81.99152,65.53672409057617
2017-07-05,2432.5400390625,80.50848,66.73728942871094
2017-07-06,2409.75,78.60169,63.4180793762207
2017-07-07,2425.179931640625,79.23729,61.86440658569336
2017-07-10,2427.429931640625,78.81356,60.52259826660156
2017-07-11,2425.530029296875,79.02542,63.064971923828125
2017-07-12,2443.25,80.296616,65.53672281901042
2017-07-13,2447.830078125,80.932205,68.00847244262695
2017-07-14,2459.27001953125,80.932205,71.39830271402995
2017-07-17,2459.139892578125,81.99152,72.88135274251302
2017-07-18,2460.610107421875,81.779655,74.36440531412761
2017-07-19,2473.830078125,82.83898,75.63559214274089
2017-07-20,2473.449951171875,82.83898,76.20056660970052
2017-07-21,2472.5400390625,83.26271,76.41242980957031
2017-07-24,2469.909912109375,81.779655,75.0
2017-07-25,2477.1298828125,83.47458,73.51694742838542
2017-07-26,2477.830078125,83.05085,72.3163833618164
2017-07-27,2475.419921875,83.47458,70.83333079020183
2017-07-28,2472.10009765625,82.41525,69.20903778076172
2017-07-31,2470.300048828125,82.203384,67.7966079711914
2017-08-01,2476.35009765625,82.41525,66.94915262858073
2017-08-02,2477.570068359375,81.14407,66.59604390462239
2017-08-03,2472.159912109375,80.296616,65.4661013285319
2017-08-04,2476.830078125,80.296616,64.97174962361653
2017-08-07,2480.909912109375,81.14407,65.2542355855306
2017-08-08,2474.919921875,80.296616,65.04237111409505
2017-08-09,2474.02001953125,79.87288,63.98305002848307
2017-08-10,2438.2099609375,75.42373,57.27401224772135
2017-08-11,2441.320068359375,75.42373,51.76553853352865
2017-08-14,2465.840087890625,78.60169,50.49435170491537
2017-08-15,2464.610107421875,77.754234,53.53107452392578
2017-08-16,2468.110107421875,77.54237,57.62711842854818
2017-08-17,2430.010009765625,71.82204,53.531073252360024
2017-08-18,2425.550048828125,70.76271,49.71751403808594
2017-08-21,2428.3701171875,70.33898,45.40960439046224
2017-08-22,2452.510009765625,73.305084,47.88135528564453
2017-08-23,2444.0400390625,72.0339,49.71751276652018
2017-08-24,2438.969970703125,72.245766,50.84745661417643
2017-08-25,2443.050048828125,72.45763,49.71751403808594
2017-08-28,2444.239990234375,71.18644,49.0819206237793
2017-08-29,2446.300048828125,70.33898,48.87005615234375
2017-08-30,2457.590087890625,72.0339,50.07062021891276
2017-08-31,2471.64990234375,73.305084,54.73163731892904
2017-09-01,2476.550048828125,75.21187,60.38135528564453
2017-09-05,2457.85009765625,71.61017,61.793785095214844
2017-09-06,2465.5400390625,72.245766,61.51129913330078
2017-09-07,2465.10009765625,70.97458,59.5338986714681
2017-09-08,2461.429931640625,72.0339,60.38135782877604
2017-09-11,2488.110107421875,74.78813,63.206214904785156
2017-09-12,2496.47998046875,76.483055,66.52542241414388
2017-09-13,2498.3701171875,76.483055,68.99717458089192
2017-09-14,2495.6201171875,75.0,68.22033945719402
2017-09-15,2500.22998046875,76.27119,67.86723327636719
2017-09-18,2503.8701171875,76.906784,68.85593159993489
2017-09-19,2506.64990234375,76.906784,70.55084737141927
2017-09-20,2508.239990234375,78.60169,70.55084737141927
2017-09-21,2500.60009765625,78.17796,69.0677973429362
2017-09-22,2502.219970703125,79.02542,66.8079096476237
2017-09-25,2496.659912109375,79.02542,65.96045176188152
2017-09-26,2496.840087890625,78.81356,66.03107198079427
2017-09-27,2507.0400390625,80.50848,66.31355794270833
2017-09-28,2510.06005859375,80.296616,67.09039560953777
2017-09-29,2519.360107421875,81.35593,68.0084737141927
2017-10-02,2529.1201171875,80.50848,69.77401224772136
2017-10-03,2534.580078125,81.14407,71.61016845703125
2017-10-04,2537.739990234375,81.779655,73.87005869547527
2017-10-05,2552.070068359375,82.41525,75.98870086669922
2017-10-06,2549.330078125,81.567795,77.2598876953125
2017-10-09,2544.72998046875,80.08475,77.33050791422527
2017-10-10,2550.639892578125,81.35593,77.40113067626953
2017-10-11,2555.239990234375,81.567795,78.17796579996745
2017-10-12,2550.929931640625,81.779655,80.01412200927734
2017-10-13,2553.169921875,81.99152,80.64971669514973
2017-10-16,2557.639892578125,81.779655,80.64971669514973
2017-10-17,2559.360107421875,82.62712,80.22599029541016
2017-10-18,2561.260009765625,82.41525,80.15536753336589
2017-10-19,2562.10009765625,82.203384,80.72033945719402
2017-10-20,2575.2099609375,82.41525,81.35593159993489
2017-10-23,2564.97998046875,82.203384,81.28530883789062
2017-10-24,2569.1298828125,81.35593,80.36723073323567
2017-10-25,2557.14990234375,80.932205,77.68361409505208
2017-10-26,2560.39990234375,79.66102,75.70621236165364
2017-10-27,2581.070068359375,79.66102,74.7881342569987
2017-10-30,2572.830078125,79.44915,74.43502807617188
2017-10-31,2575.260009765625,78.17796,74.5762710571289
2017-11-01,2579.360107421875,77.754234,73.94067637125652
2017-11-02,2579.85009765625,77.754234,73.58757019042969
2017-11-03,2587.840087890625,77.118645,73.44632720947266
2017-11-06,2591.1298828125,77.754234,73.09321848551433
2017-11-07,2590.639892578125,76.906784,72.59886678059895
2017-11-08,2594.3798828125,77.330505,71.82203165690105
2017-11-09,2584.6201171875,78.38983,70.480224609375
2017-11-10,2582.300048828125,77.754234,69.42090352376302
2017-11-13,2584.840087890625,77.118645,69.13841756184895
2017-11-14,2578.8701171875,77.754234,69.06779479980469
2017-11-15,2564.6201171875,75.84746,67.65536499023438
2017-11-16,2585.639892578125,77.754234,66.73728688557942
2017-11-17,2578.85009765625,78.17796,66.24293772379558
2017-11-20,2582.139892578125,78.17796,67.58474477132161
2017-11-21,2599.030029296875,78.81356,67.86722819010417
2017-11-22,2597.080078125,78.17796,68.2203369140625
2017-11-24,2602.419921875,78.38983,68.64406840006511
2017-11-27,2601.419921875,77.754234,68.00847625732422
2017-11-28,2627.0400390625,80.50848,69.98587544759114
2017-11-29,2626.070068359375,80.50848,72.88135274251302
2017-11-30,2647.580078125,81.99152,77.68361155192058
2017-12-01,2642.219970703125,82.41525,79.51977030436198
2017-12-04,2639.43994140625,83.68644,78.46044921875
2017-12-05,2629.570068359375,83.26271,75.0
2017-12-06,2629.27001953125,82.62712,71.82203420003255
2017-12-07,2636.97998046875,82.62712,71.3276850382487
2017-12-08,2651.5,83.47458,72.88135782877605
2017-12-11,2659.989990234375,83.89831,75.42373148600261
2017-12-12,2664.110107421875,83.89831,76.20056660970052
2017-12-13,2662.85009765625,84.5339,75.84745788574219
2017-12-14,2652.010009765625,82.62712,72.74011484781902
2017-12-15,2675.81005859375,84.745766,72.95198059082031
2017-12-18,2690.159912109375,85.381355,74.2231674194336
2017-12-19,2681.469970703125,83.47458,76.27118682861328
2017-12-20,2679.25,82.41525,75.56496938069661
2017-12-21,2684.570068359375,83.47458,73.7288106282552
2017-12-22,2683.340087890625,83.47458,72.7401123046875
2017-12-26,2680.5,83.68644,71.82203420003255
2017-12-27,2682.6201171875,83.89831,71.53954823811848
2017-12-28,2687.5400390625,84.5339,72.03389739990234
2017-12-29,2673.610107421875,84.32204,72.03389739990234
2018-01-02,2695.81005859375,83.509514,72.6173833211263
2018-01-03,2713.06005859375,83.93234,74.18658447265625
2018-01-04,2723.989990234375,83.298096,76.60324350992839
2018-01-05,2743.14990234375,83.086685,78.99929809570312
2018-01-08,2747.7099609375,85.20084,80.19732411702473
2018-01-09,2751.2900390625,83.93234,81.46582285563152
2018-01-10,2748.22998046875,82.45243,80.76110076904297
2018-01-11,2767.56005859375,83.298096,80.19732411702473
2018-01-12,2786.239990234375,82.87527,79.77449035644531
2018-01-16,2776.419921875,82.24102,79.77449035644531
2018-01-17,2802.56005859375,83.93234,80.19732411702473
2018-01-18,2798.030029296875,82.45243,80.69063059488933
2018-01-19,2810.300048828125,82.87527,82.02960205078125
2018-01-22,2832.969970703125,84.5666,82.80479431152344
2018-01-23,2839.1298828125,84.989426,83.65045928955078
2018-01-24,2837.5400390625,84.77801,84.28470611572266
2018-01-25,2839.25,84.989426,84.56659444173177
2018-01-26,2872.8701171875,85.20084,84.56659444173177
2018-01-29,2853.530029296875,83.298096,83.36857096354167
2018-01-30,2822.429931640625,82.66385,81.25440724690755
2018-01-31,2823.81005859375,83.298096,78.71740976969402
2018-02-01,2821.97998046875,81.606766,76.74418640136719
2018-02-02,2762.1298828125,79.28118,71.67019017537434
2018-02-05,2648.93994140625,70.19028,55.74348068237305
2018-02-06,2695.139892578125,72.515854,43.763214111328125
2018-02-07,2681.659912109375,71.45878,35.024664560953774
2018-02-08,2581.0,59.61945,30.443973859151203
2018-02-09,2619.550048828125,64.90486,23.46722952524821
2018-02-12,2656.0,68.07611,19.87315018971761
2018-02-13,2662.93994140625,69.76744,24.735729853312176
2018-02-14,2698.6298828125,71.24736,32.84002876281738
2018-02-15,2731.199951171875,74.207184,40.87385495503744
2018-02-16,2732.219970703125,74.63002,47.850598653157554
2018-02-20,2716.260009765625,73.784355,48.69626490275065
2018-02-21,2701.330078125,71.45878,46.723044077555336
2018-02-22,2703.9599609375,71.67019,44.53840764363607
2018-02-23,2747.300048828125,74.207184,47.639183044433594
2018-02-26,2779.60009765625,76.74419,52.92459615071615
2018-02-27,2744.280029296875,73.784355,54.68640009562174
2018-02-28,2713.830078125,71.88161,51.09231948852539
2018-03-01,2677.669921875,67.86469,42.3537712097168
2018-03-02,2691.25,69.55603,38.19591267903646
2018-03-05,2720.93994140625,71.03594,38.19591267903646
2018-03-06,2728.1201171875,73.1501,42.56518681844076
2018-03-07,2726.800048828125,72.093025,45.525018056233726
2018-03-08,2738.969970703125,72.515854,47.357293446858726
2018-03-09,2786.570068359375,75.26427,52.07892862955729
2018-03-12,2783.02001953125,75.89852,56.659619649251304
2018-03-13,2765.31005859375,75.26427,59.19661966959635
2018-03-14,2749.47998046875,74.84144,56.871036529541016
2018-03-15,2747.330078125,72.93869,54.615926106770836
2018-03-16,2752.010009765625,74.63002,55.109230041503906
2018-03-19,2712.919921875,72.515854,54.12262090047201
2018-03-20,2716.93994140625,71.45878,53.9816780090332
2018-03-21,2711.929931640625,69.76744,51.16279093424479
2018-03-22,2643.68994140625,64.69344,44.749823888142906
2018-03-23,2588.260009765625,56.87104,34.249471028645836
2018-03-26,2658.550048828125,64.482025,29.105003356933594
2018-03-27,2612.6201171875,61.522198,27.9069766998291
2018-03-28,2605.0,60.465115,30.09161376953125
2018-03-29,2640.8701171875,63.636364,30.514447530110676
2018-04-02,2581.8798828125,54.545456,28.823115666707356
2018-04-03,2614.449951171875,58.773785,29.598309834798176
2018-04-04,2644.68994140625,63.636364,30.514447530110676
2018-04-05,2662.840087890625,65.3277,37.20930290222168
2018-04-06,2604.469970703125,56.659622,36.85694185892741
2018-04-09,2613.159912109375,57.08245,34.39041646321615
2018-04-10,2656.8701171875,63.84778,34.460889180501304
2018-04-11,2642.18994140625,61.31078,37.84355227152506
2018-04-12,2663.989990234375,61.945034,42.35376993815104
2018-04-13,2656.300048828125,60.88795,42.424241383870445
2018-04-16,2677.840087890625,66.38478,47.639183044433594
2018-04-17,2706.389892578125,68.49895,54.0521494547526
2018-04-18,2708.639892578125,68.71036,61.31078338623047
2018-04-19,2693.1298828125,64.482025,62.43833669026693
2018-04-20,2670.139892578125,62.367863,58.56236902872721
2018-04-23,2670.2900390625,63.424946,54.26356633504232
2018-04-24,2634.56005859375,57.29387,48.83721033732096
2018-04-25,2639.39990234375,58.985203,45.806906382242836
2018-04-26,2666.93994140625,61.09937,44.53840764363607
2018-04-27,2669.909912109375,62.156452,47.07540512084961
2018-04-30,2648.050048828125,56.236786,48.062015533447266
2018-05-01,2654.800048828125,58.139534,47.56871032714844
2018-05-02,2635.669921875,55.179703,44.74982452392578
2018-05-03,2629.72998046875,53.9112,42.847076416015625
2018-05-04,2663.419921875,59.196617,43.41085306803385
2018-05-07,2672.6298828125,59.830868,46.37068303426107
2018-05-08,2671.919921875,59.61945,49.33051300048828
2018-05-09,2697.7900390625,62.156452,51.09231694539388
2018-05-10,2723.070068359375,66.17336,55.46159235636393
2018-05-11,2727.719970703125,65.961945,60.1127560933431
2018-05-14,2730.1298828125,65.11628,63.28400421142578
2018-05-15,2711.449951171875,62.156452,61.0288937886556
2018-05-16,2722.4599609375,62.57928,59.61945088704427
2018-05-17,2720.1298828125,62.7907,58.06906382242838
2018-05-18,2712.969970703125,63.424946,58.63284174601237
2018-05-21,2733.010009765625,65.75053,60.46511586507162
2018-05-22,2724.43994140625,64.69344,62.156447092692055
2018-05-23,2733.2900390625,64.482025,64.41155497233073
2018-05-24,2727.760009765625,64.482025,64.27061208089192
2018-05-25,2721.330078125,64.90486,64.05919520060222
2018-05-29,2689.860107421875,60.465115,61.1698366800944
2018-05-30,2724.010009765625,65.53911,61.80408604939779
2018-05-31,2705.27001953125,60.676533,59.83086649576823
2018-06-01,2734.6201171875,62.57928,62.367865244547524
2018-06-04,2746.8701171875,64.270615,61.663143157958984
2018-06-05,2748.800048828125,64.69344,64.12966791788737
2018-06-06,2772.35009765625,67.441864,66.24383290608723
2018-06-07,2770.3701171875,68.28753,68.49894460042317
2018-06-08,2779.030029296875,68.921776,71.38830312093098
2018-06-11,2782.0,70.19028,73.15010579427083
2018-06-12,2786.85009765625,70.19028,74.7004903157552
2018-06-13,2775.6298828125,67.230446,73.99577077229817
2018-06-14,2782.489990234375,67.441864,73.15010579427083
2018-06-15,2779.659912109375,66.59619,71.81113688151042
2018-06-18,2773.75,66.59619,71.03594207763672
2018-06-19,2762.590087890625,63.636364,69.48555501302083
2018-06-20,2767.320068359375,64.270615,68.42847188313802
2018-06-21,2749.760009765625,63.21353,65.89147313435872
2018-06-22,2754.8798828125,63.84778,64.8343900044759
2018-06-25,2717.070068359375,60.88795,60.60606002807617
2018-06-26,2723.06005859375,60.465115,58.84425608317057
2018-06-27,2699.6298828125,58.350952,53.41790008544922
2018-06-28,2716.31005859375,57.92812,52.71317799886068
2018-06-29,2718.3701171875,58.350952,51.867513020833336
2018-07-02,2726.7099609375,59.830868,53.84073384602865
2018-07-03,2713.219970703125,58.350952,53.55884552001953
2018-07-05,2736.610107421875,60.88795,54.96828842163086
2018-07-06,2759.820068359375,64.0592,56.941507975260414
2018-07-09,2784.169921875,64.69344,62.72022501627604
2018-07-10,2793.840087890625,66.80761,67.51233291625977
2018-07-11,2774.02001953125,64.270615,68.35800043741862
2018-07-12,2798.2900390625,65.961945,67.86469650268555
2018-07-13,2801.31005859375,65.11628,66.80761337280273
2018-07-16,2798.429931640625,65.3277,67.8646952311198
2018-07-17,2809.550048828125,67.441864,68.35799916585286
2018-07-18,2815.6201171875,68.07611,69.27413686116536
2018-07-19,2804.489990234375,68.49895,70.54263559977214
2018-07-20,2801.830078125,65.3277,69.9788589477539
2018-07-23,2806.97998046875,63.84778,68.42847188313802
2018-07-24,2820.39990234375,65.3277,67.2304458618164
2018-07-25,2846.070068359375,68.07611,67.58280690511067
2018-07-26,2837.43994140625,68.921776,70.19027455647786
2018-07-27,2818.820068359375,68.28753,70.33121744791667
2018-07-30,2802.60009765625,67.01903,67.79421869913737
2018-07-31,2816.2900390625,71.03594,64.27061080932617
2018-08-01,2813.360107421875,69.133194,62.931640625
2018-08-02,2827.219970703125,69.620255,64.64646530151367
2018-08-03,2840.35009765625,71.308014,65.7966194152832
2018-08-06,2850.39990234375,71.51899,68.2841084798177
2018-08-07,2858.449951171875,71.940926,71.23769124348958
2018-08-08,2857.699951171875,71.308014,73.06610361735027
2018-08-09,2853.580078125,70.6751,73.98030853271484
2018-08-10,2833.280029296875,68.98734,71.09704844156902
2018-08-13,2821.929931640625,68.143456,67.93249003092448
2018-08-14,2839.9599609375,69.620255,66.24472554524739
2018-08-15,2818.3701171875,67.93249,64.62728373209636
2018-08-16,2840.68994140625,70.25317,65.75246175130208
2018-08-17,2850.1298828125,70.25317,66.38537343343098
2018-08-20,2857.050048828125,71.097046,69.40928395589192
2018-08-21,2862.9599609375,71.308014,71.80028279622395
2018-08-22,2861.820068359375,70.88608,73.06610616048177
2018-08-23,2856.97998046875,69.620255,73.06610616048177
2018-08-24,2874.68994140625,70.6751,72.78481038411458
2018-08-27,2896.739990234375,72.99578,74.33192698160808
2018-08-28,2897.52001953125,72.99578,76.51195526123047
2018-08-29,2914.0400390625,74.47258,78.7623062133789
2018-08-30,2901.1298828125,72.1519,77.42616017659505
2018-08-31,2901.52001953125,72.36287,76.58227793375652
2018-09-04,2896.719970703125,71.308014,73.98030853271484
2018-09-05,2888.60009765625,71.51899,73.98030853271484
2018-09-06,2878.050048828125,70.6751,73.06610361735027
2018-09-07,2871.679931640625,70.6751,72.71448771158855
2018-09-10,2877.1298828125,70.04219,72.43319447835286
2018-09-11,2887.889892578125,69.83122,72.43319447835286
2018-09-12,2888.919921875,69.83122,72.78481038411458
2018-09-13,2904.179931640625,71.72996,72.99578094482422
2018-09-14,2904.97998046875,71.940926,73.55836995442708
2018-09-17,2888.800048828125,71.097046,73.13642883300781
2018-09-18,2904.31005859375,73.83966,72.22222137451172
2018-09-19,2907.949951171875,74.68355,71.37833913167317
2018-09-20,2930.75,77.00422,72.57383982340495
2018-09-21,2929.669921875,76.79325,74.05063374837239
2018-09-24,2919.3701171875,74.05064,72.57383982340495
2018-09-25,2915.56005859375,72.1519,68.70604705810547
2018-09-26,2905.969970703125,68.35443,63.00984573364258
2018-09-27,2914.0,68.77637,60.126583099365234
2018-09-28,2913.97998046875,69.40928,59.212379455566406
2018-10-01,2924.590087890625,69.83122,59.63432057698568
2018-10-02,2923.429931640625,69.620255,59.774967193603516
2018-10-03,2925.510009765625,70.25317,58.22784932454427
2018-10-04,2901.610107421875,69.19831,54.992968241373696
2018-10-05,2885.570068359375,66.66667,51.89873504638672
2018-10-08,2884.429931640625,68.35443,49.50773620605469
2018-10-09,2880.340087890625,66.24473,48.17158889770508
2018-10-10,2785.679931640625,54.852318,39.0295352935791
2018-10-11,2728.3701171875,44.3038,26.16033713022868
2018-10-12,2767.1298828125,49.78903,14.9789031346639
2018-10-15,2750.7900390625,49.57806,11.884669621785482
2018-10-16,2809.919921875,56.329113,17.440224647521973
2018-10-17,2809.2099609375,55.907173,21.72995726267497
2018-10-18,2768.780029296875,51.898735,24.894514083862305
2018-10-19,2767.780029296875,51.265823,23.417721430460613
2018-10-22,2755.8798828125,50.0,21.308017094930012
2018-10-23,2740.68994140625,47.679325,19.62025324503581
2018-10-24,2656.10009765625,38.818565,16.807313601175945
2018-10-25,2705.570068359375,42.827003,16.104078610738117
2018-10-26,2658.68994140625,39.873417,13.853727022806803
2018-10-29,2641.25,38.185654,14.416314760843912
2018-10-30,2682.6298828125,43.670887,15.189873059590658
2018-10-31,2711.739990234375,46.20253,18.706047375996906
2018-11-01,2740.3701171875,48.734177,21.87060483296712
2018-11-02,2723.06005859375,48.312233,22.855133692423504
2018-11-05,2738.31005859375,48.734177,25.175808588663738
2018-11-06,2755.449951171875,51.265823,28.69198226928711
2018-11-07,2813.889892578125,56.329113,37.90435918172201
2018-11-08,2806.830078125,56.751053,45.99156188964844
2018-11-09,2781.010009765625,54.430378,49.71870676676432
2018-11-12,2726.219970703125,48.523205,45.28832753499349
2018-11-13,2722.179931640625,48.10127,40.436004638671875
2018-11-14,2701.580078125,45.56962,36.14627202351888
2018-11-15,2730.199951171875,49.36709,36.638535817464195
2018-11-16,2736.27001953125,50.42194,38.326300303141274
2018-11-19,2690.72998046875,45.78059,38.95921198527018
2018-11-20,2641.889892578125,39.240505,35.794654846191406
2018-11-21,2649.929931640625,40.08439,31.50492286682129
2018-11-23,2632.56005859375,41.35021,29.746835072835285
2018-11-26,2673.449951171875,45.78059,32.559775034586586
2018-11-27,2682.169921875,44.3038,35.30239041646322
2018-11-28,2743.7900390625,52.531647,42.68635813395182
2018-11-29,2737.800048828125,51.476795,47.398031870524086
2018-11-30,2760.169921875,53.37553,54.07876332600912
2018-12-03,2790.3701171875,56.11814,59.001407623291016
2018-12-04,2700.06005859375,44.72574,55.69620259602865
2018-12-06,2695.949951171875,43.459915,50.49226506551107
2018-12-07,2633.080078125,38.315792,37.251906077067055
2018-12-10,2637.719970703125,39.57895,33.29306411743164
2018-12-11,2636.780029296875,38.73684,29.614034016927082
2018-12-12,2651.070068359375,40.63158,32.5614013671875
2018-12-13,2650.5400390625,39.57895,33.964911142985024
2018-12-14,2599.949951171875,35.789474,32.21052614847819
2018-12-17,2545.93994140625,28.63158,25.33333396911621
2018-12-18,2546.159912109375,28.63158,19.087719599405926
2018-12-19,2506.9599609375,25.052631,14.736842473347982
2018-12-20,2467.419921875,19.578947,12.56140391031901
2018-12-21,2416.6201171875,17.052631,9.824561595916748
2018-12-24,2351.10009765625,10.947369,5.894736727078755
2018-12-26,2467.699951171875,18.105263,4.491227904955546
2018-12-27,2488.830078125,21.68421,5.40350878238678
2018-12-28,2485.739990234375,21.68421,8.0
2018-12-31,2506.85009765625,23.789474,10.80701732635498
2019-01-02,2510.030029296875,19.578947,10.596491177876791
2019-01-03,2447.889892578125,16.0,8.98245620727539
2019-01-04,2531.93994140625,23.368422,9.473684628804525
2019-01-07,2549.68994140625,25.68421,13.333333015441895
2019-01-08,2574.409912109375,29.68421,21.68420950571696
2019-01-09,2584.9599609375,31.368423,28.28070068359375
2019-01-10,2596.639892578125,33.473686,36.42105229695638
2019-01-11,2596.260009765625,33.68421,41.05263137817383
2019-01-14,2582.610107421875,31.789473,42.666666666666664
2019-01-15,2610.300048828125,34.31579,43.368420918782554
2019-01-16,2616.10009765625,35.789474,44.98245620727539
2019-01-17,2635.9599609375,38.94737,51.22806930541992
2019-01-18,2670.7099609375,44.63158,60.140350341796875
2019-01-22,2632.89990234375,39.157894,65.54385884602864
2019-01-23,2638.699951171875,40.210526,67.78947448730469
2019-01-24,2642.330078125,40.63158,66.38596598307292
2019-01-25,2664.760009765625,44.842106,70.10526529947917
2019-01-28,2643.85009765625,43.157894,72.63157908121745
2019-01-29,2640.0,42.94737,74.31578826904297
2019-01-30,2681.050048828125,48.42105,76.49122619628906
2019-01-31,2704.10009765625,49.894737,80.98245493570964
2019-02-01,2706.530029296875,51.789474,85.61403401692708
2019-02-04,2724.8701171875,55.157894,88.28070068359375
2019-02-05,2737.699951171875,58.526314,89.61403401692708
2019-02-06,2731.610107421875,58.947365,89.89473724365234
2019-02-07,2706.050048828125,54.94737,88.49122873942058
2019-02-08,2707.8798828125,55.157894,86.94736989339192
2019-02-11,2709.800048828125,55.78948,85.8245620727539
2019-02-12,2744.72998046875,61.894737,87.50877126057942
2019-02-13,2753.030029296875,64.0,89.89473724365234
2019-02-14,2745.72998046875,62.526314,91.92982482910156
2019-02-15,2775.60009765625,66.94737,93.19298553466797
2019-02-19,2779.760009765625,67.36842,93.75438690185547
2019-02-20,2784.699951171875,69.47369,94.87719472249348
2019-02-21,2774.8798828125,68.0,94.73684183756511
2019-02-22,2792.669921875,68.84211,95.0877176920573
2019-02-25,2796.110107421875,68.63158,94.87719217936198
2019-02-26,2793.89990234375,68.210526,94.80701700846355
2019-02-27,2792.3798828125,68.63158,94.31579081217448
2019-02-28,2784.489990234375,68.42105,93.75438690185547
2019-03-01,2803.68994140625,68.63158,93.6140365600586
2019-03-04,2792.81005859375,68.0,93.2631607055664
2019-03-05,2789.64990234375,67.1579,92.70175425211589
2019-03-06,2771.449951171875,64.8421,90.66666666666667
2019-03-07,2748.929931640625,62.526314,87.85964711507161
2019-03-08,2743.070068359375,61.894737,84.0
2019-03-11,2783.300048828125,65.89474,83.50877126057942
2019-03-12,2791.52001953125,65.336136,84.0797602335612
2019-03-13,2810.919921875,65.828094,86.76349131266277
2019-03-14,2808.47998046875,65.61845,86.71303049723308
2019-03-15,2822.47998046875,66.66667,86.02376047770183
2019-03-18,2832.93994140625,68.97275,84.76589965820312
2019-03-19,2832.570068359375,67.08595,83.92732493082683
2019-03-20,2824.22998046875,64.01674,81.70676930745442
2019-03-21,2854.8798828125,68.41004,80.88106028238933
2019-03-22,2800.7099609375,62.343098,76.22036234537761
2019-03-25,2798.360107421875,62.552303,73.29149119059245
2019-03-26,2818.4599609375,64.64435,70.01394653320312
2019-03-27,2805.3701171875,63.80753,69.87447865804036
2019-03-28,2815.43994140625,64.43515,70.50209299723308
2019-03-29,2834.39990234375,66.94561,71.82705688476562
2019-04-01,2867.18994140625,72.38493,76.4295654296875
2019-04-02,2867.239990234375,72.38493,80.2649917602539
2019-04-03,2873.39990234375,72.803345,82.14783732096355
2019-04-04,2879.389892578125,73.64017,82.0781021118164
2019-04-05,2892.739990234375,75.732216,83.26359558105469
2019-04-08,2895.77001953125,76.15063,84.3096211751302
2019-04-09,2878.199951171875,73.64017,83.82147725423177
2019-04-10,2888.2099609375,75.1046,82.91492207845052
2019-04-11,2888.320068359375,76.35983,82.49651336669922
2019-04-12,2907.409912109375,78.03347,83.82147979736328
2019-04-15,2905.580078125,76.56904,83.89121754964192
2019-04-16,2907.06005859375,76.56904,82.56625111897786
2019-04-17,2900.449951171875,75.313805,78.52162170410156
2019-04-18,2905.030029296875,76.98744,75.10460662841797
2019-04-22,2907.969970703125,75.94143,72.45467631022136
2019-04-23,2933.679931640625,78.242676,73.77963765462239
2019-04-24,2927.25,78.66109,75.31380716959636
2019-04-25,2926.169921875,76.778244,76.35983276367188
2019-04-26,2939.8798828125,76.778244,75.73221842447917
2019-04-29,2943.030029296875,77.61507,74.82566324869792
2019-04-30,2945.830078125,78.03347,75.94142405192058
2019-05-01,2923.72998046875,76.15063,74.89540100097656
2019-05-02,2917.52001953125,75.313805,73.70990498860677
2019-05-03,2945.639892578125,77.40586,73.64016977945964
2019-05-06,2932.469970703125,76.35983,74.47698974609375
2019-05-07,2884.050048828125,74.47699,70.43235905965169
2019-05-08,2879.419921875,73.01256,63.947001139322914
2019-05-09,2870.719970703125,73.01256,57.601114908854164
2019-05-10,2881.39990234375,72.23382,58.04704030354818
2019-05-13,2811.8701171875,64.30063,52.71777216593424
2019-05-14,2834.409912109375,67.43215,50.80027770996094
2019-05-15,2850.9599609375,68.26723,47.04244867960612
2019-05-16,2876.320068359375,68.26723,51.63535181681315
2019-05-17,2859.530029296875,66.80585,52.60960388183594
2019-05-20,2840.22998046875,65.97077,51.844120025634766
2019-05-21,2864.360107421875,68.68476,51.42658360799154
2019-05-22,2856.27001953125,67.22338,51.42658360799154
2019-05-23,2822.239990234375,64.50939,50.93945821126302
2019-05-24,2826.06005859375,65.208336,48.47091801961263
2019-05-28,2802.389892578125,62.083332,44.75382741292318
2019-05-29,2783.02001953125,60.416668,41.527777353922524
2019-05-30,2788.860107421875,61.041664,38.26388804117838
2019-05-31,2752.06005859375,57.5,35.694444020589195
2019-06-03,2744.449951171875,59.375,35.069444020589195
2019-06-04,2803.27001953125,64.791664,37.49999872843424
2019-06-05,2826.14990234375,66.875,43.6111094156901
2019-06-06,2843.489990234375,66.875,50.34722137451172
2019-06-07,2873.340087890625,68.125,54.86111068725586
2019-06-10,2886.72998046875,70.0,57.36111195882162
2019-06-11,2885.719970703125,70.0,59.375
2019-06-12,2879.840087890625,68.19127,59.403875986735024
2019-06-13,2891.639892578125,70.06237,60.956485748291016
2019-06-14,2886.97998046875,67.77547,61.330562591552734
2019-06-17,2889.669921875,69.02287,61.81566365559896
2019-06-18,2917.75,72.97297,62.85516357421875
2019-06-19,2926.4599609375,73.80457,65.2113660176595
2019-06-20,2954.179931640625,76.71518,70.13166809082031
2019-06-21,2950.4599609375,75.675674,72.14137013753255
2019-06-24,2945.35009765625,75.46777,72.27997080485027
2019-06-25,2917.3798828125,73.80457,69.4386698404948
2019-06-26,2913.780029296875,72.557175,67.0824686686198
2019-06-27,2924.919921875,75.675674,67.91406758626302
2019-06-28,2941.760009765625,79.002075,71.58697255452473
2019-07-01,2964.330078125,80.24948,76.5072758992513
2019-07-02,2973.010009765625,79.62578,79.41787974039714
2019-07-03,2995.820068359375,81.28898,82.39778137207031
2019-07-05,2990.409912109375,81.08108,83.85308329264323
2019-07-08,2975.949951171875,79.83368,84.3381830851237
2019-07-09,2979.6298828125,80.24948,82.60567982991536
2019-07-10,2993.070068359375,80.24948,81.63548024495442
2019-07-11,2999.909912109375,80.87318,82.46708170572917
2019-07-12,3013.77001953125,82.744286,85.03118387858073
2019-07-15,3014.300048828125,81.49688,86.6943842569987
2019-07-16,3004.0400390625,82.536385,87.04088592529297
2019-07-17,2984.419921875,80.665276,84.40748341878255
2019-07-18,2995.110107421875,80.04158,82.39778137207031
2019-07-19,2976.610107421875,79.41788,80.38807678222656
2019-07-22,2985.030029296875,79.20998,79.76437886555989
2019-07-23,3005.469970703125,81.28898,79.34857940673828
2019-07-24,3019.56005859375,83.16009,80.24948120117188
2019-07-25,3003.669921875,81.28898,79.7643814086914
2019-07-26,3025.860107421875,81.49688,79.55648040771484
2019-07-29,3020.969970703125,80.665276,78.23977915445964
2019-07-30,3013.179931640625,80.45738,78.17047882080078
2019-07-31,2980.3798828125,79.20998,74.70547739664714
2019-08-01,2953.56005859375,76.09148,68.88427098592122
2019-08-02,2932.050048828125,72.76507,60.56826146443685
2019-08-05,2844.739990234375,64.65697,47.124046325683594
2019-08-06,2881.77001953125,66.73596,39.70893987019857
2019-08-07,2883.97998046875,66.73596,35.75883483886719
2019-08-08,2938.090087890625,71.10187,44.698543548583984
2019-08-09,2918.64990234375,67.77547,47.95564651489258
2019-08-12,2882.699951171875,65.07276,48.16354751586914
2019-08-13,2926.320068359375,67.359665,44.767845153808594
2019-08-14,2840.60009765625,61.538464,39.15453974405924
2019-08-15,2847.60009765625,60.49896,36.79833730061849
2019-08-16,2888.679931640625,63.617462,35.758836110432945
2019-08-19,2923.64990234375,65.904366,41.857242584228516
2019-08-20,2900.510009765625,64.033264,45.66874694824219
2019-08-21,2924.429931640625,65.28066,48.024949391682945
2019-08-22,2922.949951171875,66.52806,48.024949391682945
2019-08-23,2847.110107421875,59.45946,44.49064636230469
2019-08-26,2878.3798828125,62.162163,41.44144185384115
2019-08-27,2869.159912109375,59.875263,37.97643788655599
2019-08-28,2887.93994140625,61.12266,40.26333999633789
2019-08-29,2924.580078125,65.48856,42.89674377441406
2019-08-30,2926.4599609375,66.32017,46.50034713745117
2019-09-03,2906.27001953125,62.370064,47.53984705607096
2019-09-04,2937.780029296875,65.28066,48.02494684855143
2019-09-05,2976.0,71.93347,51.97505187988281
2019-09-06,2978.7099609375,71.72557,58.07345962524414
2019-09-09,2978.429931640625,73.38877,62.5779660542806
2019-09-10,2979.389892578125,76.50728,63.13236745198568
2019-09-11,3000.929931640625,79.002075,64.44906616210938
2019-09-12,3009.570068359375,78.79418,66.73596700032552
2019-09-13,3007.389892578125,79.20998,68.74566904703777
2019-09-16,2997.9599609375,80.87318,69.92377217610677
2019-09-17,3005.699951171875,78.37838,71.51767222086589
2019-09-18,3006.72998046875,77.96258,73.59667205810547
2019-09-19,3006.7900390625,77.38589,74.65443166097005
2019-09-20,2992.070068359375,76.970955,73.49617258707683
2019-09-23,2991.780029296875,75.72614,71.7842305501302
2019-09-24,2966.60009765625,72.82158,68.60304005940755
2019-09-25,2984.8701171875,74.27386,67.3582280476888
2019-09-26,2977.6201171875,73.65145,66.0442606608073
2019-09-27,2961.7900390625,73.029045,64.93776067097981
2019-09-30,2976.739990234375,74.27386,64.10788599650066
2019-10-01,2940.25,69.29461,58.16044362386068
2019-10-02,2887.610107421875,63.48548,49.170126597086586
2019-10-03,2910.6298828125,64.52282,40.87136967976888
2019-10-04,2952.010009765625,67.84232,42.04702631632487
2019-10-07,2938.7900390625,66.80498,46.68049748738607
2019-10-08,2893.06005859375,58.921165,43.914246241251625
2019-10-09,2919.39990234375,60.995853,39.76486905415853
2019-10-10,2938.1298828125,64.52282,39.557400385538735
2019-10-11,2970.27001953125,68.25726,49.30843734741211
2019-10-14,2966.14990234375,68.0498,54.84094111124674
2019-10-15,2995.679931640625,70.53942,59.95850626627604
2019-10-16,2989.68994140625,70.53942,59.82019297281901
2019-10-17,2997.949951171875,70.74689,62.10235087076823
2019-10-18,2986.199951171875,70.33195,61.203320821126304
2019-10-21,3006.719970703125,71.16183,62.65560531616211
2019-10-22,2995.989990234375,71.78423,62.17151006062826
2019-10-23,3004.52001953125,72.61411,63.34716542561849
2019-10-24,3010.2900390625,72.40664,63.27800750732422
2019-10-25,3022.550048828125,73.029045,64.24619547526042
2019-10-28,3039.419921875,73.443985,64.31535339355469
2019-10-29,3036.889892578125,73.65145,65.14522806803386
2019-10-30,3046.77001953125,73.65145,66.32088724772136
2019-10-31,3037.56005859375,72.19917,66.45919926961263
2019-11-01,3066.909912109375,75.51868,66.80498123168945
2019-11-04,3078.27001953125,76.556015,66.59751001993816
2019-11-05,3074.6201171875,75.3112,67.28907267252605
2019-11-06,3076.780029296875,75.93361,66.87413533528645
2019-11-07,3085.179931640625,76.141075,65.97510528564453
2019-11-08,3093.080078125,75.51868,65.8367919921875
2019-11-11,3087.010009765625,75.93361,65.35269673665364
2019-11-12,3091.840087890625,75.93361,65.49101003011067
2019-11-13,3094.0400390625,75.93361,65.76763661702473
2019-11-14,3096.6298828125,75.93361,66.87413787841797
2019-11-15,3120.4599609375,78.0083,69.22545115152995
2019-11-18,3122.030029296875,77.80083,70.81604512532552
2019-11-19,3120.179931640625,78.21577,71.4384536743164
2019-11-20,3108.4599609375,76.970955,70.8852030436198
2019-11-21,3103.5400390625,77.80083,69.64038848876953
2019-11-22,3110.2900390625,77.38589,69.08713785807292
2019-11-25,3133.639892578125,78.21577,69.43291727701823
2019-11-26,3140.52001953125,78.83817,71.43845113118489
2019-11-27,3153.6298828125,80.08299,73.51314036051433
2019-11-29,3140.97998046875,78.0083,74.41217295328777
2019-12-02,3113.8701171875,75.10374,72.68326568603516
2019-12-03,3093.199951171875,72.82158,69.43291727701823
2019-12-04,3112.760009765625,74.6888,67.70401000976562
2019-12-05,3117.429931640625,76.141075,67.84232076009114
2019-12-06,3145.909912109375,78.21577,70.33194732666016
2019-12-09,3135.9599609375,77.59336,71.30013529459636
2019-12-10,3132.52001953125,75.93361,71.57676188151042
2019-12-11,3141.6298828125,76.34855,70.33194986979167
2019-12-12,3168.570068359375,78.63071,71.09266916910808
2019-12-13,3168.800048828125,78.42324,72.61410776774089
2019-12-16,3191.449951171875,80.29045,74.96542104085286
2019-12-17,3192.52001953125,79.46058,76.34854888916016
2019-12-18,3191.139892578125,80.08299,77.52420552571614
2019-12-19,3205.3701171875,81.53527,78.69986470540364
2019-12-20,3221.219970703125,82.78008,79.87551879882812
2019-12-23,3224.010009765625,82.78008,81.12033335367839
2019-12-24,3223.3798828125,83.40249,81.39695739746094
2019-12-26,3239.909912109375,83.40249,81.4661153157552
2019-12-27,3240.02001953125,83.609955,81.8810526529948
2019-12-30,3221.2900390625,82.57262,81.8810526529948
2019-12-31,3230.780029296875,83.19502,81.4661153157552
2020-01-02,3257.85009765625,84.024895,80.84370676676433
2020-01-03,3234.85009765625,83.19502,80.15214284261067
2020-01-06,3246.280029296875,83.609955,79.04564158121745
2020-01-07,3237.179931640625,82.15768,76.69432830810547
2020-01-08,3253.050048828125,82.78008,75.8644536336263
2020-01-09,3274.699951171875,85.26971,76.41770426432292
2020-01-10,3265.35009765625,84.439835,77.73167419433594
2020-01-13,3288.1298828125,85.89212,79.11479949951172
2020-01-14,3283.14990234375,86.51452,79.18395487467448
2020-01-15,3289.2900390625,87.13693,79.5297368367513
2020-01-16,3316.81005859375,88.58921,80.84370676676433
2020-01-17,3329.6201171875,88.796684,82.84924062093098
2020-01-21,3320.7900390625,86.92946,83.74827321370442
2020-01-22,3321.75,86.92946,82.08852132161458
2020-01-23,3325.5400390625,86.92946,79.94467417399089
2020-01-24,3295.469970703125,84.23237,76.6251703898112
2020-01-27,3243.6298828125,78.63071,70.19363657633464
2020-01-28,3276.239990234375,81.74274,65.28354136149089
2020-01-29,3273.39990234375,79.66805,62.10235341389974
2020-01-30,3283.659912109375,79.87552,63.20885467529297
2020-01-31,3225.52001953125,74.6888,58.78285217285156
2020-02-03,3248.919921875,75.72614,56.500693003336586
2020-02-04,3297.590087890625,79.66805,56.43153508504232
2020-02-05,3334.68994140625,83.609955,63.485477447509766
2020-02-06,3345.780029296875,84.024895,68.46472930908203
2020-02-07,3327.7099609375,79.87552,69.77869923909505
2020-02-10,3352.090087890625,81.327805,68.60304005940755
2020-02-11,3357.75,82.78008,69.2946039835612
2020-02-12,3379.449951171875,84.6473,71.7842305501302
2020-02-13,3373.93994140625,83.19502,73.3748270670573
2020-02-14,3380.159912109375,83.81743,73.44398498535156
2020-02-18,3370.2900390625,81.53527,71.36929575602214
2020-02-19,3386.14990234375,82.36514,70.4702631632487
2020-02-20,3373.22998046875,83.81743,69.64038848876953
2020-02-21,3337.75,81.53527,68.18810526529948
2020-02-24,3225.889892578125,71.9917,59.54356892903646
2020-02-25,3128.2099609375,57.883816,45.91977755228678
2020-02-26,3116.389892578125,54.771786,33.056708653767906
2020-02-27,2978.760009765625,42.116184,21.369295120239258
2020-02-28,2954.219970703125,31.950209,13.62379010518392
2020-03-02,3090.22998046875,50.62241,11.065006891886393
2020-03-03,3003.3701171875,42.53112,12.24066416422526
2020-03-04,3130.1201171875,53.526974,20.262794494628906
2020-03-05,3023.93994140625,44.398342,21.369295120239258
2020-03-06,2972.3701171875,40.87137,22.406639099121094
2020-03-09,2746.56005859375,19.087137,14.453665097554525
2020-03-10,2882.22998046875,30.912865,10.511756579081217
2020-03-11,2741.3798828125,15.975104,6.293222824732463
2020-03-12,2480.639892578125,7.053942,4.840940634409587
2020-03-13,2711.02001953125,13.900415,3.0428770383199057
2020-03-16,2386.1298828125,4.356847,2.420470356941223
2020-03-17,2529.18994140625,11.6182575,3.4578147331873574
2020-03-18,2398.10009765625,7.8838177,3.3886584838231406
2020-03-19,2409.389892578125,6.198347,3.661568562189738
2020-03-20,2304.919921875,3.7190084,2.6910942792892456
2020-03-23,2237.39990234375,3.7190084,1.9283745686213176
2020-03-24,2447.330078125,5.9917355,1.721763014793396
2020-03-25,2475.56005859375,5.3719006,1.6528925100962322
2020-03-26,2630.070068359375,11.157024,2.617079814275106
2020-03-27,2541.469970703125,7.85124,2.8236913681030273
2020-03-30,2626.64990234375,13.636364,4.545454343159993
2020-03-31,2584.590087890625,10.950414,4.752065976460774
2020-04-01,2470.5,8.264462,5.02754807472229
2020-04-02,2526.89990234375,9.917356,4.889807144800822
2020-04-03,2488.64990234375,9.090909,4.958677689234416
2020-04-06,2663.679931640625,15.0826435,7.9889804522196455
2020-04-07,2659.409912109375,13.842975,9.641872882843018
2020-04-08,2749.97998046875,19.6281,14.325068473815918
2020-04-09,2789.820068359375,22.107439,18.732781728108723
2020-04-13,2761.6298828125,18.181818,21.212120691935223
2020-04-14,2846.06005859375,25.619835,25.61983362833659
2020-04-15,2783.360107421875,21.280993,25.55096371968587
2020-04-16,2799.550048828125,24.586777,29.063360850016277
2020-04-17,2874.56005859375,29.338842,32.16253407796224
2020-04-20,2823.159912109375,25.20661,34.84848403930664
2020-04-21,2736.56005859375,19.6281,32.57575607299805
2020-04-22,2799.31005859375,23.553719,29.545454661051433
2020-04-23,2797.800048828125,23.553719,29.47658411661784
2020-04-24,2836.739990234375,25.413223,36.29476547241211
2020-04-27,2878.47998046875,27.47934,43.870521545410156
2020-04-28,2863.389892578125,27.47934,53.85674921671549
2020-04-29,2939.510009765625,34.29752,65.56473922729492
2020-04-30,2912.429931640625,28.92562,70.04132334391277
2020-05-01,2830.7099609375,23.76033,67.97520573933919
2020-05-04,2842.739990234375,25.826445,61.29476420084635
2020-05-05,2868.43994140625,28.719007,59.2286491394043
2020-05-06,2848.419921875,29.132233,59.57300313313802
2020-05-07,2881.18994140625,30.578512,63.15427017211914
2020-05-08,2929.800048828125,34.504135,68.66391245524089
2020-05-11,2930.18994140625,34.090908,73.8980712890625
2020-05-12,2870.1201171875,30.3719,72.65840148925781
2020-05-13,2820.0,28.92562,65.08264414469402
2020-05-14,2852.5,30.991735,60.88154220581055
2020-05-15,2863.699951171875,30.578512,60.537190755208336
2020-05-18,2953.909912109375,38.22314,69.83471171061198
2020-05-19,2922.93994140625,34.29752,75.89531834920247
2020-05-20,2971.610107421875,39.669422,82.98898315429688
2020-05-21,2948.510009765625,36.98347,83.26446533203125
2020-05-22,2955.449951171875,38.842976,85.26170857747395
2020-05-26,2991.77001953125,42.14876,87.60330708821614
2020-05-27,3036.1298828125,47.107437,90.77135213216145
2020-05-28,3029.72998046875,47.107437,94.42149098714192
2020-05-29,3044.31005859375,48.76033,95.93664042154948
2020-06-01,3055.72998046875,49.173553,96.90082550048828
2020-06-02,3080.820068359375,50.826447,97.31404876708984
2020-06-03,3122.8701171875,56.198345,97.65840148925781
2020-06-04,3112.35009765625,55.57851,97.45178985595703
2020-06-05,3193.929931640625,65.28926,97.24517822265625
2020-06-08,3232.389892578125,72.52066,97.31404876708984
2020-06-09,3207.179931640625,63.22314,97.38291931152344
2020-06-10,3190.139892578125,56.198345,97.17630767822266
2020-06-11,3002.10009765625,41.528927,91.59779612223308
2020-06-12,3041.31005859375,44.214878,86.70799001057942
2020-06-15,3066.590087890625,46.28099,82.85124206542969
2020-06-16,3124.739990234375,49.79339,86.01928456624348
2020-06-17,3113.489990234375,48.55372,88.0165303548177
2020-06-18,3115.340087890625,47.52066,88.42975107828777
2020-06-19,3097.739990234375,46.900826,84.64187367757161
2020-06-22,3117.860107421875,46.487602,81.74930826822917
2020-06-23,3131.2900390625,47.52066,79.2011006673177
2020-06-24,3050.330078125,40.909092,72.93388239542644
2020-06-25,3083.760009765625,42.768593,68.31956100463867
2020-06-26,3009.050048828125,38.636364,59.36639149983724
2020-06-29,3053.239990234375,41.94215,60.81267166137695
2020-06-30,3100.2900390625,46.28099,63.29200871785482
2020-07-01,3115.860107421875,45.867767,70.17906188964844
2020-07-02,3130.010009765625,47.933884,72.65840148925781
2020-07-06,3179.719970703125,50.0,73.76033020019531
2020-07-07,3145.320068359375,47.314053,72.24518076578777
2020-07-08,3169.93994140625,47.107437,70.31680806477864
2020-07-09,3152.050048828125,44.834713,63.49862543741862
2020-07-10,3185.0400390625,46.487602,63.292013804117836
2020-07-13,3155.219970703125,46.900826,62.67217890421549
2020-07-14,3197.52001953125,50.826447,68.18182118733723
2020-07-15,3226.56005859375,55.785126,73.89807383219402
2020-07-16,3215.570068359375,55.785126,79.20110321044922
2020-07-17,3224.72998046875,57.85124,81.95592244466145
2020-07-20,3251.840087890625,55.991734,79.33884175618489
2020-07-21,3257.300048828125,57.64463,79.54545338948567
2020-07-22,3276.02001953125,61.98347,80.23416137695312
2020-07-23,3235.659912109375,61.157024,82.5757573445638
2020-07-24,3215.6298828125,59.29752,80.3030293782552
2020-07-27,3239.409912109375,59.504135,77.47933705647786
2020-07-28,3218.43994140625,58.264465,72.86501566569011
2020-07-29,3258.43994140625,61.157024,73.89807383219402
2020-07-30,3246.219970703125,60.12397,73.34710947672527
2020-07-31,3271.1201171875,59.29752,73.20936584472656
2020-08-03,3294.610107421875,59.504135,70.6611557006836
2020-08-04,3306.510009765625,59.090908,69.69696807861328
2020-08-05,3327.77001953125,61.98347,71.00550842285156
2020-08-06,3349.159912109375,60.95041,71.6253433227539
2020-08-07,3351.280029296875,64.669426,73.8292007446289
2020-08-10,3360.469970703125,66.94215,76.1019287109375
2020-08-11,3333.68994140625,66.735535,78.3746566772461
2020-08-12,3380.35009765625,66.735535,80.23415883382161
2020-08-13,3373.429931640625,66.1157,80.23415883382161
2020-08-14,3372.85009765625,66.735535,80.85399119059245
2020-08-17,3381.989990234375,65.495865,79.75206502278645
2020-08-18,3389.780029296875,65.495865,78.99448903401692
2020-08-19,3374.85009765625,64.462814,77.47933959960938
2020-08-20,3385.510009765625,64.04959,74.65564727783203
2020-08-21,3397.159912109375,63.01653,71.6253433227539
2020-08-24,3431.280029296875,65.70248,72.45178985595703
2020-08-25,3443.6201171875,65.70248,74.31129455566406
2020-08-26,3478.72998046875,64.669426,76.79063415527344
2020-08-27,3484.550048828125,66.32231,77.1349868774414
2020-08-28,3508.010009765625,68.80165,79.06336212158203
2020-08-31,3500.31005859375,67.148766,79.4765853881836
2020-09-01,3526.64990234375,67.35537,78.78787994384766
2020-09-02,3580.840087890625,72.10744,79.88980865478516
2020-09-03,3455.06005859375,68.80165,78.92562103271484
2020-09-04,3426.9599609375,67.975204,76.99724578857422
2020-09-08,3331.840087890625,63.636364,67.07988866170247
2020-09-09,3398.9599609375,65.495865,63.70523198445638
2020-09-10,3339.18994140625,63.429756,58.12671915690104
2020-09-11,3340.969970703125,64.256195,57.85123825073242
2020-09-14,3383.5400390625,67.56198,57.43801625569662
2020-09-15,3401.199951171875,67.56198,60.46832021077474
2020-09-16,3385.489990234375,70.04132,64.66942342122395
2020-09-17,3357.010009765625,68.59504,63.91184743245443
2020-09-18,3319.469970703125,65.909096,60.05509694417318
2020-09-21,3281.06005859375,60.330574,49.44903437296549
2020-09-22,3315.570068359375,62.603306,42.217629750569664
2020-09-23,3236.919921875,58.05785,33.7465565999349
2020-09-24,3246.590087890625,58.677685,31.336088180541992
2020-09-25,3298.4599609375,61.157024,30.57851219177246
2020-09-28,3351.60009765625,64.87603,37.87878735860189
2020-09-29,3335.469970703125,63.22314,43.11294809977213
2020-09-30,3363.0,65.15464,46.93647003173828
2020-10-01,3380.800048828125,66.59794,48.552441914876304
2020-10-02,3348.419921875,67.42268,52.43986256917318
2020-10-05,3408.60009765625,72.78351,58.281785329182945
2020-10-06,3360.969970703125,70.515465,59.862542470296226
2020-10-07,3419.43994140625,75.051544,64.12371317545573
2020-10-08,3446.830078125,77.93815,67.56013997395833
2020-10-09,3477.139892578125,77.731964,73.88316345214844
2020-10-12,3534.219970703125,78.35052,78.07560221354167
2020-10-13,3511.929931640625,76.08247,78.41924540201823
2020-10-14,3488.669921875,75.46391,76.76976013183594
2020-10-15,3483.340087890625,76.49484,73.88316090901692
2020-10-16,3483.81005859375,77.1134,72.30240376790364
2020-10-19,3426.919921875,74.2268,69.20962142944336
2020-10-20,3443.1201171875,75.87629,66.80412165323894
2020-10-21,3435.56005859375,74.639175,63.71133931477865
2020-10-22,3453.489990234375,76.90722,65.49828211466472
2020-10-23,3465.389892578125,77.31959,67.01031112670898
2020-10-26,3400.969970703125,73.608246,64.32989883422852
2020-10-27,3390.679931640625,68.6598,57.25085957845052
2020-10-28,3271.030029296875,60.20619,43.2989699045817
2020-10-29,3310.110107421875,63.092785,36.42611757914225
2020-10-30,3269.9599609375,63.29897,30.652921040852863
2020-11-02,3310.239990234375,69.896904,36.21993064880371
2020-11-03,3369.159912109375,73.81443,43.36769676208496
2020-11-04,3443.43994140625,75.051544,53.88316090901693
2020-11-05,3510.449951171875,77.731964,62.8865966796875
2020-11-06,3509.43994140625,75.87629,67.4226786295573
2020-11-09,3550.5,84.53608,72.50859069824219
2020-11-10,3545.530029296875,87.2165,75.18900299072266
2020-11-11,3572.659912109375,86.391754,80.34364318847656
2020-11-12,3537.010009765625,84.53608,81.51202646891277
2020-11-13,3585.14990234375,88.24742,83.43642679850261
2020-11-16,3626.909912109375,90.92783,84.26116943359375
2020-11-17,3609.530029296875,91.13402,86.46048227945964
2020-11-18,3567.7900390625,89.484535,85.84192403157552
2020-11-19,3581.8701171875,90.10309,84.26116689046223
2020-11-20,3557.5400390625,89.07217,82.06185404459636
2020-11-23,3577.590087890625,90.515465,81.51202646891277
2020-11-24,3635.409912109375,91.95876,81.30584208170573
2020-11-25,3629.64990234375,91.75258,81.7182133992513
2020-11-27,3638.35009765625,92.577324,81.78694407145183
2020-11-30,3621.6298828125,91.34021,82.3367691040039
2020-12-01,3662.449951171875,92.78351,83.29896799723308
2020-12-02,3669.010009765625,92.78351,83.64260864257812
2020-12-03,3666.719970703125,92.37114,82.68041229248047
2020-12-04,3699.1201171875,92.577324,81.92440032958984
2020-12-07,3691.9599609375,92.78351,81.51202901204427
2020-12-08,3702.25,92.37114,81.58075714111328
2020-12-09,3672.820068359375,91.56378,80.49566650390625
2020-12-10,3668.10009765625,90.55441,78.46739959716797
2020-12-11,3663.4599609375,90.75975,76.57687123616536
2020-12-14,3647.489990234375,90.349075,75.08555857340495
2020-12-15,3694.6201171875,91.99179,76.72826894124348
2020-12-16,3701.169921875,91.58111,78.30253346761067
2020-12-17,3722.47998046875,91.99179,81.58795420328777
2020-12-18,3709.409912109375,91.37577,82.20396931966145
2020-12-21,3694.919921875,89.93839,82.06707763671875
2020-12-22,3687.260009765625,89.52772,80.49281311035156
2020-12-23,3690.010009765625,89.733055,79.12388865152995
2020-12-24,3703.06005859375,90.55441,79.808349609375
2020-12-28,3735.360107421875,90.14374,80.28747304280598
2020-12-29,3727.0400390625,89.93839,81.0403823852539
2020-12-30,3732.0400390625,90.349075,81.17727406819661
2020-12-31,3756.070068359375,92.19713,82.54620107014973
2021-01-04,3700.64990234375,90.75975,80.21902974446614
2021-01-05,3726.860107421875,90.75975,78.37098185221355
2021-01-06,3748.139892578125,91.99179,77.41273244222005
2021-01-07,3803.7900390625,90.75975,80.62970479329427
2021-01-08,3824.679931640625,91.37577,83.02532196044922
2021-01-11,3799.610107421875,90.75975,82.27241516113281
2021-01-12,3801.18994140625,90.55441,80.28747304280598
2021-01-13,3809.840087890625,90.349075,78.64476521809895
2021-01-14,3795.5400390625,89.93839,77.07050069173177
2021-01-15,3768.25,90.55441,75.70157623291016
2021-01-19,3798.909912109375,91.17043,73.64818827311198
2021-01-20,3851.85009765625,91.78645,75.0171127319336
2021-01-21,3853.070068359375,91.17043,76.04380544026692
2021-01-22,3841.469970703125,90.349075,75.83846537272136
2021-01-25,3855.360107421875,91.37577,73.16905975341797
2021-01-26,3849.6201171875,90.75975,70.22587076822917
2021-01-27,3750.77001953125,87.88501,61.19096247355143
2021-01-28,3787.3798828125,88.295685,56.05749384562174
2021-01-29,3714.239990234375,86.2423,47.4332644144694
2021-02-01,3773.860107421875,88.295685,49.76043828328451
2021-02-02,3826.31005859375,89.733055,50.992469787597656
2021-02-03,3830.169921875,88.911705,57.35797246297201
2021-02-04,3871.739990234375,90.14374,62.902119954427086
2021-02-05,3886.830078125,90.349075,66.94045130411784
2021-02-08,3915.590087890625,90.75975,71.04722849527995
2021-02-09,3911.22998046875,90.75975,72.55304718017578
2021-02-10,3909.8798828125,89.959015,73.39207458496094
2021-02-11,3916.3798828125,88.72951,73.06905873616536
2021-02-12,3934.830078125,88.31967,72.814208984375
2021-02-16,3932.590087890625,87.909836,71.78961944580078
2021-02-17,3931.330078125,89.7541,70.83333333333333
2021-02-18,3913.969970703125,89.34426,69.87704722086589
2021-02-19,3906.7099609375,88.11475,68.57923126220703
2021-02-22,3876.5,86.065575,66.87158330281575
2021-02-23,3881.3701171875,86.27049,65.36885197957356
2021-02-24,3925.429931640625,86.065575,65.50546646118164
2021-02-25,3829.340087890625,82.78689,64.0027338663737
2021-02-26,3811.14990234375,79.508194,60.38251622517904
2021-03-01,3901.820068359375,83.60656,59.426230112711586
2021-03-02,3870.2900390625,82.58197,60.24590047200521
2021-03-03,3819.719970703125,80.7377,60.86065419514974
2021-03-04,3768.469970703125,77.2541,55.1229502360026
2021-03-05,3841.93994140625,81.55737,54.84972635904948
2021-03-08,3821.35009765625,79.71311,57.1721305847168
2021-03-09,3875.43994140625,83.40164,63.25136693318685
2021-03-10,3898.81005859375,83.81148,66.25683339436848
2021-03-11,3939.340087890625,84.63114,69.19399007161458
2021-03-12,3943.340087890625,85.65574,71.58469899495442
2021-03-15,3968.93994140625,87.5,74.45354970296223
2021-03-16,3962.7099609375,87.70492,76.91256713867188
2021-03-17,3974.1201171875,87.29508,78.55191294352214
2021-03-18,3915.4599609375,85.86066,76.43442789713542
2021-03-19,3913.10009765625,86.065575,74.04371897379558
2021-03-22,3940.590087890625,87.70492,73.08743286132812
2021-03-23,3910.52001953125,87.909836,72.19945526123047
2021-03-24,3889.139892578125,87.29508,71.24316914876302
2021-03-25,3909.52001953125,88.11475,70.90163930257161
2021-03-26,3974.5400390625,91.803276,74.6584701538086
2021-03-29,3971.090087890625,92.41803,78.21038309733073
2021-03-30,3958.550048828125,90.57377,79.57650248209636
2021-03-31,3972.889892578125,92.008194,79.50819396972656
2021-04-01,4019.8701171875,92.827866,81.48906962076823
2021-04-05,4077.909912109375,93.85246,84.69945271809895
2021-04-06,4073.93994140625,93.85246,87.1584701538086
2021-04-07,4079.949951171875,93.44263,87.63661193847656
2021-04-08,4097.169921875,93.44263,87.90983581542969
2021-04-09,4128.7998046875,93.64754,88.04644775390625
2021-04-12,4127.990234375,93.64754,88.86611938476562
2021-04-13,4141.58984375,93.85246,89.20764923095703
2021-04-14,4124.66015625,93.66053,90.03346761067708
2021-04-15,4170.419921875,94.48979,90.79598490397136
2021-04-16,4185.47021484375,94.69388,91.28639475504558
2021-04-19,4163.259765625,94.081635,90.40816243489583
2021-04-20,4134.93994140625,94.48979,86.39455922444661
2021-04-21,4173.419921875,95.30612,84.8299331665039
2021-04-22,4134.97998046875,95.5102,83.19727834065755
2021-04-23,4180.169921875,95.30612,85.85033925374348
2021-04-26,4187.6201171875,94.48979,86.80272165934245
2021-04-27,4186.72021484375,94.081635,88.63945770263672
2021-04-28,4183.18017578125,93.46939,88.91156514485677
2021-04-29,4211.47021484375,94.28571,88.4353739420573
2021-04-30,4181.169921875,93.265305,86.59863789876302
2021-05-03,4192.66015625,93.46939,85.10204060872395
2021-05-04,4164.66015625,92.65306,81.83673350016277
2021-05-05,4167.58984375,91.83673,79.93197123209636
2021-05-06,4201.6201171875,91.42857,77.89115397135417
2021-05-07,4232.60009765625,91.63265,79.45578002929688
2021-05-10,4188.43017578125,90.81632,79.04761759440105
2021-05-11,4152.10009765625,90.408165,77.82312774658203
2021-05-12,4063.0400390625,86.734695,71.29251607259114
2021-05-13,4112.5,87.95918,68.70748392740886
2021-05-14,4173.85009765625,90.20409,68.97959391276042
2021-05-17,4163.2900390625,88.57143,72.24489847819011
2021-05-18,4127.830078125,87.755104,71.42857106526692
2021-05-19,4115.68017578125,88.57143,67.4149653116862
2021-05-20,4159.1201171875,90.408165,65.98639678955078
2021-05-21,4155.85986328125,89.591835,66.25850423177083
2021-05-24,4197.0498046875,90.408165,69.11564636230469
2021-05-25,4188.1298828125,90.408165,70.13605244954427
2021-05-26,4195.990234375,90.0,72.31292470296223
2021-05-27,4200.8798828125,90.0,73.46938832600911
2021-05-28,4204.10986328125,90.81632,75.30612436930339
2021-06-01,4202.0400390625,89.38776,74.76190694173177
2021-06-02,4208.1201171875,89.79591,73.67346954345703
2021-06-03,4192.85009765625,88.77551,71.02040608723958
2021-06-04,4229.89013671875,90.61224,71.08843485514323
2021-06-07,4226.52001953125,89.591835,70.20408121744792
2021-06-08,4227.259765625,89.79591,69.65986633300781
2021-06-09,4219.5498046875,89.79591,67.14285786946614
2021-06-10,4239.18017578125,91.42857,66.1904780069987
2021-06-11,4247.43994140625,92.44898,66.12244923909505
2021-06-14,4255.14990234375,92.65306,66.19047546386719
2021-06-15,4246.58984375,91.63265,65.91836547851562
2021-06-16,4223.7001953125,89.79591,62.85714213053385
2021-06-17,4221.85986328125,90.0,57.41496658325195
2021-06-18,4166.4501953125,88.36735,47.551021575927734
2021-06-21,4224.7900390625,89.591835,44.89795811971029
2021-06-22,4246.43994140625,89.591835,45.1020393371582
2021-06-23,4241.83984375,88.57143,48.843536376953125
2021-06-24,4266.490234375,89.79591,49.18367258707682
2021-06-25,4280.7001953125,92.04082,52.04081471761068
2021-06-28,4290.60986328125,92.244896,53.809523264567055
2021-06-29,4291.7998046875,90.81632,53.46938705444336
2021-06-30,4297.5,90.81632,51.088436126708984
2021-07-01,4319.93994140625,90.81632,52.99319839477539
2021-07-02,4352.33984375,91.42857,55.646261850992836
2021-07-06,4343.5400390625,91.224495,55.714288075764976
2021-07-07,4358.1298828125,91.42857,54.35374196370443
2021-07-08,4320.81982421875,91.02041,50.74829864501953
2021-07-09,4369.5498046875,91.63265,53.53741455078125
2021-07-12,4384.6298828125,91.42857,55.442176818847656
2021-07-13,4369.2099609375,89.591835,57.0748291015625
2021-07-14,4374.2998046875,89.591835,54.96598561604818
2021-07-15,4360.02978515625,89.79591,53.129252115885414
2021-07-16,4327.16015625,87.34694,52.653062184651695
2021-07-19,4258.490234375,81.428566,48.09523900349935
2021-07-20,4323.06005859375,86.122444,46.938775380452476
2021-07-21,4358.68994140625,87.755104,48.163265228271484
2021-07-22,4367.47998046875,86.53062,51.83673350016276
2021-07-23,4411.7900390625,87.14285,54.149658203125
2021-07-26,4422.2998046875,88.16326,55.170066833496094
2021-07-27,4401.4599609375,88.77551,57.68707402547201
2021-07-28,4400.64013671875,88.36735,57.55102030436198
2021-07-29,4419.14990234375,88.18737,58.86972300211588
2021-07-30,4395.259765625,87.37271,59.30573527018229
2021-08-02,4387.16015625,86.76171,59.67413584391276
2021-08-03,4423.14990234375,87.37271,60.081467946370445
2021-08-04,4402.66015625,83.910385,59.19891611735026
2021-08-05,4429.10009765625,84.11405,59.3346913655599
2021-08-06,4436.52001953125,84.521385,60.14935302734375
2021-08-09,4432.35009765625,84.11405,62.525455474853516
2021-08-10,4436.75,84.72505,64.42633946736653
2021-08-11,4442.41015625,85.94705,65.58044815063477
2021-08-12,4460.830078125,85.132385,67.95655059814453
2021-08-13,4468.0,84.92872,70.06109873453777
2021-08-16,4479.7099609375,84.11405,70.80787404378255
2021-08-17,4448.080078125,82.28106,68.90699259440105
2021-08-18,4400.27001953125,80.2444,64.56211853027344
2021-08-19,4405.7998046875,77.18941,60.08146667480469
2021-08-20,4441.669921875,78.004074,59.06313705444336
2021-08-23,4479.52978515625,81.26273,61.778682708740234
2021-08-24,4486.22998046875,82.68839,65.64833704630534
2021-08-25,4496.18994140625,84.11405,69.11065673828125
2021-08-26,4470.0,81.26273,69.58587900797527
2021-08-27,4509.3701171875,83.70672,71.07942962646484
2021-08-30,4528.7900390625,82.484726,71.07942962646484
2021-08-31,4522.68017578125,82.68839,72.77664693196614
2021-09-01,4524.08984375,82.07739,71.8940938313802
2021-09-02,4536.9501953125,83.095726,71.9619852701823
2021-09-03,4535.43017578125,81.873726,71.07943216959636
2021-09-07,4520.02978515625,80.04073,68.4317741394043
2021-09-08,4514.06982421875,78.41141,64.9015630086263
2021-09-09,4493.27978515625,76.98574,61.235572814941406
2021-09-10,4458.580078125,75.15275,57.77325185139974
2021-09-13,4468.72998046875,78.20774,56.551255544026695
2021-09-14,4443.0498046875,75.356415,53.42837905883789
2021-09-15,4480.7001953125,76.57841,55.05770619710287
2021-09-16,4473.75,75.356415,53.97148640950521
2021-09-17,4432.990234375,74.13442,53.08893330891927
2021-09-20,4357.72998046875,69.24644,45.34962590535482
2021-09-21,4354.18994140625,67.6171,38.153428395589195
2021-09-22,4395.64013671875,71.69043,36.18465677897135
2021-09-23,4448.97998046875,75.967415,42.09097035725912
2021-09-24,4455.47998046875,76.17108,47.793618520100914
2021-09-27,4443.10986328125,76.17108,50.50916544596354
2021-09-28,4352.6298828125,71.486755,43.92396545410156
2021-09-29,4359.4599609375,71.89409,38.289206186930336
2021-09-30,4307.5400390625,65.580444,30.07467778523763
2021-10-01,4357.0400390625,69.65377,30.346232096354168
2021-10-04,4300.4599609375,69.24644,28.649014790852863
2021-10-05,4345.72021484375,69.04277,31.704004923502605
2021-10-06,4363.5498046875,71.07943,32.58655802408854
2021-10-07,4399.759765625,73.11609,37.406654357910156
2021-10-08,4391.33984375,70.26477,40.32586669921875
2021-10-11,4361.18994140625,68.02444,41.68363952636719
2021-10-12,4350.64990234375,67.20978,40.46164194742838
2021-10-13,4363.7998046875,68.8391,39.850643157958984
2021-10-14,4438.259765625,75.56008,44.195517222086586
2021-10-15,4471.3701171875,76.37475,49.83027648925781
2021-10-18,4486.4599609375,73.72709,54.85403823852539
2021-10-19,4519.6298828125,76.98574,57.230141957600914
2021-10-20,4536.18994140625,78.20774,60.285133361816406
2021-10-21,4549.77978515625,78.20774,63.27223459879557
2021-10-22,4544.89990234375,78.61507,65.6483383178711
2021-10-25,4566.47998046875,77.59674,66.39511108398438
2021-10-26,4574.7900390625,77.59674,67.20977528889973
2021-10-27,4551.68017578125,74.33808,64.35845184326172
2021-10-28,4596.419921875,76.57841,64.15478769938152
2021-10-29,4605.3798828125,74.745415,63.13645807902018
2021-11-01,4613.669921875,77.59674,66.53089014689128
2021-11-02,4630.64990234375,76.37475,67.95655186971028
2021-11-03,4660.56982421875,79.0224,71.01154073079427
2021-11-04,4680.06005859375,76.98574,71.96198018391927
2021-11-05,4697.52978515625,79.226074,73.52341969807942
2021-11-08,4701.7001953125,78.81874,74.74541473388672
2021-11-09,4685.25,79.0224,76.0353012084961
2021-11-10,4646.7099609375,78.81874,76.30685424804688
2021-11-11,4649.27001953125,78.004074,75.89952341715495
2021-11-12,4682.85009765625,78.004074,76.37474314371745
2021-11-15,4682.7998046875,78.61507,77.05363210042317
2021-11-16,4700.89990234375,77.59674,77.93618520100911
2021-11-17,4688.669921875,76.17108,76.91785685221355
2021-11-18,4704.5400390625,75.15275,73.99864196777344
2021-11-19,4697.9599609375,74.13442,70.12898763020833
2021-11-22,4682.93994140625,74.94909,67.88866170247395
2021-11-23,4690.7001953125,75.76375,68.09232838948567
2021-11-24,4701.4599609375,74.94909,69.58587900797527
2021-11-26,4594.6201171875,68.63544,65.85200119018555
2021-11-29,4655.27001953125,69.65377,62.118125915527344
2021-11-30,4567.0,61.099796,51.731160481770836
2021-12-01,4513.0400390625,56.82281,43.51663335164388
2021-12-02,4577.10009765625,64.56212,39.103869120279946
2021-12-03,4538.43017578125,63.54379,40.39375432332357
2021-12-06,4591.669921875,69.4501,47.793617248535156
2021-12-07,4686.75,72.30142,54.17515309651693
2021-12-08,4701.2099609375,73.319756,61.710793813069664
2021-12-09,4667.4501953125,72.30142,64.15478769938152
2021-12-10,4712.02001953125,73.319756,63.54378890991211
2021-12-13,4668.97021484375,71.69043,60.760354359944664
2021-12-14,4634.08984375,70.6721,57.77325312296549
2021-12-15,4709.85009765625,71.89409,55.53292719523112
2021-12-16,4668.669921875,71.486755,55.12559509277344
2021-12-17,4620.64013671875,67.6171,54.92192840576172
2021-12-20,4568.02001953125,62.525455,49.49083455403646
2021-12-21,4649.22998046875,69.04277,48.744057973225914
2021-12-22,4696.56005859375,69.04277,51.32382583618164
2021-12-23,4725.7900390625,71.89409,59.13102340698242
2021-12-27,4791.18994140625,75.356415,64.83367284138997
2021-12-28,4786.35009765625,75.76375,69.38221613566081
2021-12-29,4793.06005859375,76.57841,72.30142720540364
2021-12-30,4778.72998046875,76.37475,71.8940938313802
2021-12-31,4766.18017578125,76.57841,71.4188715616862
2022-01-03,4796.56005859375,77.18941,71.28309377034505
2022-01-04,4793.5400390625,78.004074,73.45553080240886
2022-01-05,4700.580078125,74.13442,71.82620239257812
2022-01-06,4696.0498046875,72.708755,70.26476287841797
2022-01-07,4677.02978515625,73.52342,65.30889129638672
2022-01-10,4670.2900390625,71.89409,63.20434315999349
2022-01-11,4713.06982421875,73.72709,62.05023701985677
2022-01-12,4726.35009765625,74.541756,63.00067901611328
2022-01-13,4659.02978515625,72.91242,63.20434443155924
2022-01-14,4662.85009765625,69.65377,60.624576568603516
2022-01-18,4577.10986328125,63.340122,55.05770619710287
2022-01-19,4532.759765625,60.365856,48.64816157023112
2022-01-20,4482.72998046875,56.30081,42.0381228129069
2022-01-21,4397.93994140625,53.86179,36.17886161804199
2022-01-24,4410.1298828125,55.89431,32.791327794392906
2022-01-25,4356.4501953125,49.5935,30.55555597941081
2022-01-26,4349.93017578125,45.528458,29.810298283894856
2022-01-27,4326.509765625,42.07317,28.116530736287434
2022-01-28,4431.85009765625,49.390244,29.47154362996419
2022-01-31,4515.5498046875,55.284554,32.85907745361328
2022-02-01,4546.5400390625,57.11382,38.075879414876304
2022-02-02,4589.3798828125,60.365856,42.20867156982422
2022-02-03,4477.43994140625,53.86179,42.95392862955729
2022-02-04,4500.52978515625,52.439022,42.344173431396484
2022-02-07,4483.8701171875,52.845528,40.24390157063802
2022-02-08,4521.5400390625,56.504066,40.78590774536133
2022-02-09,4587.18017578125,61.585365,44.64769617716471
2022-02-10,4504.080078125,55.487804,45.4607048034668
2022-02-11,4418.64013671875,49.186993,44.03793970743815
2022-02-14,4401.669921875,46.747967,38.14363098144531
2022-02-15,4471.06982421875,52.642273,37.05961990356445
2022-02-16,4475.009765625,54.268295,37.94037882486979
2022-02-17,4380.259765625,47.96748,38.00812911987305
2022-02-18,4348.8701171875,47.357723,35.636854807535805
2022-02-22,4304.759765625,44.30894,31.639565149943035
2022-02-23,4225.5,38.617886,28.0487798055013
2022-02-24,4288.7001953125,39.634148,25.135501225789387
2022-02-25,4384.64990234375,49.79675,28.38753382364909
2022-02-28,4373.93994140625,48.17073,31.775068283081055
2022-03-01,4306.259765625,40.650406,32.58807627360026
2022-03-02,4386.5400390625,48.37398,32.45257441202799
2022-03-03,4363.490234375,47.560974,33.19783020019531
2022-03-04,4328.8701171875,45.12195,36.1111094156901
2022-03-07,4201.08984375,36.382114,33.062329610188804
2022-03-08,4170.7001953125,35.772358,29.403793970743816
2022-03-09,4277.8798828125,40.447155,27.642276128133137
2022-03-10,4259.52001953125,39.634148,27.84552764892578
2022-03-11,4204.31005859375,37.601627,28.455283482869465
2022-03-14,4173.10986328125,38.21138,27.371272404988606
2022-03-15,4262.4501953125,41.463413,28.387532552083332
2022-03-16,4357.85986328125,45.528458,34.146340688069664
2022-03-17,4411.669921875,49.186993,42.682926177978516
2022-03-18,4463.1201171875,52.642273,51.35501225789388
2022-03-21,4461.18017578125,51.219513,55.623305002848305
2022-03-22,4511.60986328125,53.455288,58.401083628336586
2022-03-23,4456.240234375,48.98374,55.96206029256185
2022-03-24,4520.16015625,53.252037,57.04607137044271
2022-03-25,4543.06005859375,54.065044,58.26558303833008
2022-03-28,4575.52001953125,55.89431,63.48238627115885
2022-03-29,4631.60009765625,62.19512,69.85095087687175
2022-03-30,4602.4501953125,59.14634,72.7642313639323
2022-03-31,4530.41015625,54.268295,72.22222391764323
2022-04-01,4545.85986328125,53.86179,68.08943176269531
2022-04-04,4582.64013671875,54.065044,66.73441823323567
2022-04-05,4525.1201171875,50.4065,65.98916117350261
2022-04-06,4481.14990234375,49.79675,62.737127939860024
2022-04-07,4500.2099609375,49.186993,59.28184127807617
2022-04-08,4488.27978515625,48.577236,56.91056823730469
2022-04-11,4412.52978515625,46.951218,55.216800689697266
2022-04-12,4397.4501953125,46.341465,52.91327794392904
2022-04-13,4446.58984375,48.37398,52.84552764892578
2022-04-14,4392.58984375,47.764225,53.52303568522135
2022-04-18,4391.68994140625,47.154472,53.59078725179037
2022-04-19,4462.2099609375,49.5935,55.216803232828774
2022-04-20,4459.4501953125,52.23577,58.94308853149414
2022-04-21,4393.66015625,49.390244,61.1111094156901
2022-04-22,4271.77978515625,43.69919,55.216800689697266
2022-04-25,4296.1201171875,44.918697,47.89972941080729
2022-04-26,4175.2001953125,41.463413,39.972900390625
2022-04-27,4183.9599609375,42.479675,37.330623626708984
2022-04-28,4287.5,45.73171,37.262872060139976
2022-04-29,4131.93017578125,37.19512,34.959349950154625
2022-05-02,4155.3798828125,36.585365,31.368563969930012
2022-05-03,4175.47998046875,38.414635,26.62601661682129
2022-05-04,4300.169921875,42.479675,33.80758794148763
2022-05-05,4146.8701171875,36.78862,35.09485117594401
2022-05-06,4123.33984375,35.1626,34.417344411214195
2022-05-09,3991.239990234375,31.300814,24.45799446105957
2022-05-10,4001.050048828125,30.284554,20.392953236897785
2022-05-11,3935.179931640625,29.471544,16.124660809834797
2022-05-12,3930.080078125,29.06504,14.701896667480469
2022-05-13,4023.889892578125,32.92683,15.718156814575195
2022-05-16,4008.010009765625,33.13008,17.95392894744873
2022-05-17,4088.85009765625,35.365852,23.238482157389324
2022-05-18,3923.679931640625,28.252033,21.815718015034992
2022-05-19,3900.7900390625,27.642277,19.24119218190511
2022-05-20,3901.360107421875,26.422764,13.211381594340006
2022-05-23,3973.75,29.06504,14.092140833536783
2022-05-24,3941.47998046875,30.487806,16.666666666666668
2022-05-25,3978.72998046875,30.691057,20.257452646891277
2022-05-26,4057.840087890625,33.739838,24.79674784342448
2022-05-27,4158.240234375,38.00813,33.4688351949056
2022-05-31,4132.14990234375,36.78862,39.22764333089193
2022-06-01,4101.22998046875,33.94309,39.83739980061849
2022-06-02,4176.81982421875,36.382114,39.56639734903971
2022-06-03,4108.5400390625,34.146343,38.88888931274414
2022-06-06,4121.43017578125,34.552845,41.937669118245445
2022-06-07,4160.68017578125,38.21138,43.495933532714844
2022-06-08,4115.77001953125,34.146343,43.360432942708336
2022-06-09,4017.820068359375,28.658537,37.33062299092611
2022-06-10,3900.860107421875,25.609756,24.728997548421223
2022-06-13,3749.6298828125,19.10569,13.617886384328207
2022-06-14,3735.47998046875,17.073172,7.181571960449219
2022-06-15,3789.989990234375,18.089432,5.149051348368327
2022-06-16,3666.77001953125,13.211382,4.336043198903401
2022-06-17,3674.840087890625,12.195122,3.5230351289113364
2022-06-21,3764.7900390625,17.073172,3.04878036181132
2022-06-22,3759.889892578125,16.463415,4.200541893641154
2022-06-23,3795.72998046875,18.292683,6.910568873087565
2022-06-24,3911.739990234375,22.96748,12.533874988555908
2022-06-27,3900.110107421875,23.98374,17.95392894744873
2022-06-28,3821.550048828125,22.15447,19.512194951375324
2022-06-29,3818.830078125,22.15447,17.344173749287922
2022-06-30,3785.3798828125,21.544716,15.108401934305826
2022-07-01,3825.330078125,24.593496,18.631436983744305
2022-07-05,3831.389892578125,20.731707,21.341463724772137
2022-07-06,3845.080078125,20.325203,25.271003087361652
2022-07-07,3902.6201171875,22.15447,26.89701970418294
2022-07-08,3899.3798828125,21.95122,28.997290293375652
2022-07-11,3854.429931640625,21.138212,29.200542449951172
2022-07-12,3818.800048828125,20.325203,26.62601661682129
2022-07-13,3801.780029296875,19.10569,23.373984654744465
2022-07-14,3790.3798828125,18.292683,20.934960047403973
2022-07-15,3863.159912109375,19.308943,23.102980931599934
2022-07-18,3830.85009765625,17.276423,24.322493235270183
2022-07-19,3936.68994140625,21.138212,33.60433578491211
2022-07-20,3959.89990234375,20.731707,41.869920094807945
2022-07-21,3998.949951171875,22.560974,54.60704803466797
2022-07-22,3961.6298828125,22.15447,58.19783274332682
2022-07-25,3966.840087890625,25.406504,60.975608825683594
2022-07-26,3921.050048828125,23.780487,59.07858912150065
2022-07-27,4023.610107421875,27.84553,62.80487823486328
2022-07-28,4072.429931640625,34.552845,68.02167892456055
2022-07-29,4130.2900390625,37.19512,76.15176137288411
2022-08-01,4118.6298828125,36.585365,79.60704549153645
2022-08-02,4091.18994140625,33.94309,79.20054372151692
2022-08-03,4155.169921875,38.21138,78.72628784179688
2022-08-04,4151.93994140625,38.00813,77.50677490234375
2022-08-05,4145.18994140625,38.00813,77.37127176920573
2022-08-08,4140.06005859375,39.227642,77.23577117919922
2022-08-09,4122.47021484375,36.382114,77.77777862548828
2022-08-10,4210.240234375,43.90244,81.43631744384766
2022-08-11,4207.27001953125,44.715446,84.8916015625
2022-08-12,4280.14990234375,51.01626,89.9051513671875
2022-08-15,4297.14013671875,51.422764,91.59891764322917
2022-08-16,4305.2001953125,53.86179,93.15718332926433
2022-08-17,4274.0400390625,50.813007,92.9539311726888
2022-08-18,4283.740234375,52.642273,93.15718332926433
2022-08-19,4228.47998046875,47.357723,92.14092254638672
2022-08-22,4137.990234375,39.8374,89.0921401977539
2022-08-23,4128.72998046875,40.04065,85.43360392252605
2022-08-24,4140.77001953125,40.853657,83.0623296101888
2022-08-25,4199.1201171875,45.528458,84.21409098307292
2022-08-26,4057.659912109375,36.99187,79.81029510498047
2022-08-29,4030.610107421875,35.569103,72.89972686767578
2022-08-30,3986.159912109375,32.11382,61.924119313557945
2022-08-31,3955.0,30.691057,54.60704676310221
2022-09-01,3966.85009765625,31.707317,49.457995096842446
2022-09-02,3924.260009765625,29.06504,44.44444274902344
2022-09-06,3908.18994140625,29.268291,41.39566294352213
2022-09-07,3979.8701171875,35.772358,43.02167892456055
2022-09-08,4006.179931640625,37.80488,49.66124598185221
2022-09-09,4067.360107421875,42.276424,59.891597747802734
2022-09-12,4110.41015625,43.90244,67.41192245483398
2022-09-13,3932.68994140625,34.146343,61.85636774698893
2022-09-14,3946.010009765625,33.739838,52.84552764892578
2022-09-15,3901.35009765625,31.504065,39.90515009562174
2022-09-16,3873.330078125,29.471544,35.365854263305664
2022-09-19,3899.889892578125,30.89431,32.859079360961914
2022-09-20,3855.929931640625,28.252033,29.539294560750324
2022-09-21,3789.929931640625,25.20325,25.880757649739582
2022-09-22,3757.989990234375,21.138212,18.563684781392414
2022-09-23,3693.22998046875,16.260162,11.449864228566488
2022-09-26,3655.0400390625,13.211382,6.707317034403483
2022-09-27,3647.2900390625,12.195122,3.861788590749105
2022-09-28,3719.0400390625,16.666668,5.149051666259766
2022-09-29,3640.469970703125,14.02439,6.1653116544087725
2022-09-30,3585.6201171875,12.804878,6.504065036773682
2022-10-03,3678.429931640625,17.073172,6.775067488352458
2022-10-04,3790.929931640625,24.18699,12.059620380401611
2022-10-05,3783.280029296875,24.390244,18.360433260599773
2022-10-06,3744.52001953125,21.95122,21.680216471354168
2022-10-07,3639.659912109375,18.089432,18.0216801961263
2022-10-10,3612.389892578125,17.479675,14.498645146687826
2022-10-11,3588.840087890625,17.682926,12.262872695922852
2022-10-12,3577.030029296875,17.276423,12.05962053934733
2022-10-13,3669.909912109375,19.715448,13.888888676961264
2022-10-14,3583.070068359375,16.260162,13.143631299336752
2022-10-17,3677.949951171875,20.121952,15.718157132466635
2022-10-18,3719.97998046875,22.764229,18.089430809020996
2022-10-19,3695.159912109375,21.138212,21.61246617635091
2022-10-20,3665.780029296875,19.308943,21.40921401977539
2022-10-21,3752.75,23.98374,22.967480341593426
2022-10-24,3797.340087890625,26.219511,28.11653200785319
2022-10-25,3859.110107421875,31.09756,38.414634704589844
2022-10-26,3830.60009765625,33.13008,45.79945755004883
2022-10-27,3807.300048828125,34.146343,51.69376754760742
2022-10-28,3901.06005859375,40.447155,57.723578135172524
2022-10-31,3871.97998046875,39.634148,61.856370290120445
2022-11-01,3856.10009765625,39.8374,65.71815745035808
2022-11-02,3759.68994140625,36.178864,61.0433603922526
2022-11-03,3719.889892578125,35.365852,56.978318532307945
2022-11-04,3770.550048828125,38.821136,55.42005411783854
2022-11-07,3806.800048828125,42.682926,59.62059529622396
2022-11-08,3828.110107421875,43.69919,65.04065068562825
2022-11-09,3748.570068359375,40.243904,65.37940343221028
2022-11-10,3956.3701171875,55.89431,71.34146245320638
2022-11-11,3992.929931640625,57.520325,76.01625951131184
2022-11-14,3957.25,54.268295,82.18157196044922
2022-11-15,3991.72998046875,57.11382,82.24932352701823
2022-11-16,3958.7900390625,55.284554,82.18157196044922
2022-11-17,3946.56005859375,53.455288,82.1138203938802
2022-11-18,3965.340087890625,57.926826,82.31707255045573
2022-11-21,3949.93994140625,58.13008,83.06233215332031
2022-11-22,4003.580078125,60.772358,85.56910705566406
2022-11-23,4027.260009765625,63.617886,87.66937764485677
2022-11-25,4026.1201171875,65.04065,89.56639353434245
2022-11-28,3963.93994140625,59.7561,89.0921401977539
2022-11-29,3957.6298828125,59.55285,87.73712921142578
2022-11-30,4080.110107421875,66.46342,88.21138509114583
2022-12-01,4076.570068359375,67.07317,89.63414764404297
2022-12-02,4071.699951171875,65.44715,91.12466176350911
2022-12-05,3998.840087890625,60.365856,88.55013529459636
2022-12-06,3941.260009765625,58.739834,84.75609842936198
2022-12-07,3933.919921875,58.13008,80.96206156412761
2022-12-08,3963.510009765625,59.55285,80.01355234781902
2022-12-09,3934.3798828125,58.333332,79.60704549153645
2022-12-12,3990.56005859375,62.80488,79.81029510498047
2022-12-13,4019.64990234375,66.26016,80.01354726155598
2022-12-14,3995.320068359375,63.414635,80.42005411783855
2022-12-15,3895.75,54.563892,75.9710464477539
2022-12-16,3852.360107421875,51.521294,68.14014053344727
2022-12-19,3817.659912109375,49.290062,58.620688120524086
2022-12-20,3821.6201171875,49.69574,53.414469401041664
2022-12-21,3878.43994140625,53.752537,54.1582145690918
2022-12-22,3822.389892578125,51.926975,54.22582880655924
2022-12-23,3844.820068359375,53.752537,55.64570744832357
2022-12-27,3829.25,54.563892,53.6173095703125
2022-12-28,3783.219970703125,50.91278,50.84516525268555
2022-12-29,3849.280029296875,54.969574,50.64232381184896
2022-12-30,3839.5,52.332657,48.073020935058594
2023-01-03,3824.139892578125,52.332657,49.22244644165039
2023-01-04,3852.969970703125,55.375256,48.88438161214193
2023-01-05,3808.10009765625,52.129818,47.59972890218099
2023-01-06,3895.080078125,58.62069,53.6173095703125
2023-01-09,3892.090087890625,59.026367,56.25422668457031
2023-01-10,3919.25,61.866127,63.55645879109701
2023-01-11,3969.610107421875,65.51724,66.93711980183919
2023-01-12,3983.169921875,67.95132,71.26436614990234
2023-01-13,3999.090087890625,67.13996,74.91548156738281
2023-01-17,3990.969970703125,66.734276,74.98309580485027
2023-01-18,3928.860107421875,60.44625,69.70926411946614
2023-01-19,3898.85009765625,59.026367,60.446249643961586
2023-01-20,3972.610107421875,63.69168,56.11900202433268
2023-01-23,4019.81005859375,67.13996,58.89114507039388
2023-01-24,4016.949951171875,66.328606,65.65246836344402
2023-01-25,4016.219970703125,66.53144,67.9513168334961
2023-01-26,4060.429931640625,67.74848,69.57403564453125
2023-01-27,4070.56005859375,69.16836,70.38539632161458
2023-01-30,4017.77001953125,67.3428,69.91210428873698
2023-01-31,4076.60009765625,73.42799,70.65584818522136
2023-02-01,4119.2099609375,75.05071,72.54901885986328
2023-02-02,4179.759765625,80.32454,75.1859359741211
2023-02-03,4136.47998046875,74.64503,74.17173767089844
2023-02-06,4111.080078125,72.41379,71.60243479410808
2023-02-07,4164.0,74.84787,71.06152852376302
2023-02-08,4117.85986328125,72.21095,70.45301055908203
2023-02-09,4081.5,69.77688,68.83029174804688
2023-02-10,4090.4599609375,72.00812,66.59905497233073
2023-02-13,4137.2900390625,73.42799,67.95131937662761
2023-02-14,4136.1298828125,73.63084,69.91210428873698
2023-02-15,4147.60009765625,75.05071,71.39959462483723
2023-02-16,4090.409912109375,72.41379,69.50642395019531
2023-02-17,4079.090087890625,72.00812,68.83029174804688
2023-02-21,3997.340087890625,66.328606,62.812713623046875
2023-02-22,3991.050048828125,65.51724,57.67410532633463
2023-02-23,4012.320068359375,66.328606,53.549696604410805
2023-02-24,3970.0400390625,61.66329,51.994590759277344
2023-02-27,3982.239990234375,61.66329,51.31845728556315
2023-02-28,3970.14990234375,59.83773,48.34347407023112
2023-03-01,3951.389892578125,58.41785,47.12643559773763
2023-03-02,3981.35009765625,61.46045,46.38269170125326
2023-03-03,4045.639892578125,67.13996,49.49290211995443
2023-03-06,4048.419921875,65.11156,52.46788533528646
2023-03-07,3986.3701171875,59.83773,49.69574101765951
2023-03-08,3992.010009765625,60.24341,44.759971618652344
2023-03-09,3918.320068359375,51.926975,36.51115481058756
2023-03-10,3861.590087890625,46.247463,29.411763509114582
2023-03-13,3855.760009765625,43.61055,22.24475924173991
2023-03-14,3919.2900390625,48.27586,21.433401107788086
2023-03-15,3891.929931640625,43.407707,22.582825978597004
2023-03-16,3960.280029296875,47.667343,25.354969660441082
2023-03-17,3916.639892578125,41.98783,24.205544153849285
2023-03-20,3951.570068359375,49.08722,26.369168599446613
2023-03-21,4002.8701171875,52.332657,26.842461268107098
2023-03-22,3936.969970703125,45.436104,26.57200813293457
2023-03-23,3948.719970703125,43.813385,24.543610254923504
2023-03-24,3970.989990234375,45.436104,23.25895818074544
2023-03-27,3977.530029296875,48.27586,24.881676355997723
2023-03-28,3971.27001953125,49.4929,26.707234700520832
2023-03-29,4027.81005859375,55.578094,30.628803253173828
2023-03-30,4050.830078125,57.403652,35.69979604085287
2023-03-31,4109.31005859375,62.474644,44.083839416503906
2023-04-03,4124.509765625,63.488842,50.101418813069664
2023-04-04,4100.60009765625,60.649086,51.58891042073568
2023-04-05,4090.3798828125,60.24341,48.681540171305336
2023-04-06,4105.02001953125,59.83773,45.16565068562826
2023-04-10,4109.10986328125,61.054768,46.585530598958336
2023-04-11,4108.93994140625,64.3002,50.03380584716797
2023-04-12,4091.949951171875,63.083164,52.332655588785805
2023-04-13,4146.22021484375,66.12576,54.361053466796875
2023-04-14,4137.64013671875,63.286007,54.7667350769043
2023-04-17,4151.31982421875,65.11156,57.20081456502279
2023-04-18,4154.8701171875,65.3144,58.891143798828125
2023-04-19,4154.52001953125,65.92292,60.58147303263346
2023-04-20,4129.7900390625,62.880325,60.716697692871094
2023-04-21,4133.52001953125,62.068962,59.36443328857422
2023-04-24,4137.0400390625,62.271805,59.16159439086914
2023-04-25,4071.6298828125,55.578094,55.10479990641276
2023-04-26,4055.989990234375,50.709938,49.08722050984701
2023-04-27,4135.35009765625,56.38945,46.51791763305664
2023-04-28,4169.47998046875,61.866127,50.77755355834961
2023-05-01,4167.8701171875,59.43205,58.21501159667969
2023-05-02,4119.580078125,53.752537,57.200812021891274
2023-05-03,4090.75,49.89858,52.67072296142578
2023-05-04,4061.219970703125,49.190285,46.893211364746094
2023-05-05,4136.25,54.65587,48.816630045572914
2023-05-08,4138.1201171875,54.453438,52.02429072062174
2023-05-09,4119.169921875,52.429153,54.655871073404946
2023-05-10,4137.64013671875,54.048584,53.84615580240885
2023-05-11,4130.6201171875,51.619434,52.226722717285156
2023-05-12,4124.080078125,52.226723,51.686911265055336
2023-05-15,4136.27978515625,52.63158,51.61943435668945
2023-05-16,4109.89990234375,47.57085,49.662619272867836
2023-05-17,4158.77001953125,50.809715,49.79757181803385
2023-05-18,4198.0498046875,54.453438,50.00000127156576
2023-05-19,4191.97998046875,53.23887,52.6315803527832
2023-05-22,4192.6298828125,54.048584,53.441296895345054
2023-05-23,4145.580078125,50.60729,50.47233454386393
2023-05-24,4115.240234375,47.77328,44.601888020833336
2023-05-25,4151.27978515625,45.74899,38.39405949910482
2023-05-26,4205.4501953125,47.975708,36.774627685546875
2023-05-30,4205.52001953125,47.368423,37.78677495320638
2023-05-31,4179.830078125,45.1417,37.44939422607422
2023-06-01,4221.02001953125,47.77328,37.44939422607422
2023-06-02,4282.3701171875,58.097164,43.657220204671226
2023-06-05,4273.7900390625,56.47773,49.59514236450195
2023-06-06,4283.85009765625,58.299595,54.858299255371094
2023-06-07,4267.52001953125,60.72875,56.54521052042643
2023-06-08,4293.93017578125,61.94332,59.78407669067383
2023-06-09,4298.85986328125,61.336033,62.01079813639323
2023-06-12,4338.93017578125,61.94332,62.21322504679362
2023-06-13,4369.009765625,64.5749,64.37246831258138
2023-06-14,4372.58984375,63.15789,65.92442448933919
2023-06-15,4425.83984375,69.63563,68.96086120605469
2023-06-16,4409.58984375,69.230774,70.64777119954427
2023-06-20,4388.7099609375,64.97976,71.05263010660808
2023-06-21,4365.68994140625,65.58704,69.83805847167969
2023-06-22,4381.89013671875,63.15789,66.73414357503255
2023-06-23,4348.330078125,59.91903,63.42780049641927
2023-06-26,4328.81982421875,62.550606,61.80836486816406
2023-06-27,4378.41015625,65.38461,63.495277404785156
2023-06-28,4376.85986328125,63.56275,66.66666666666667
2023-06-29,4396.43994140625,68.21863,69.90553283691406
2023-06-30,4450.3798828125,69.4332,72.67206319173177
2023-07-03,4455.58984375,71.65992,77.12550354003906
2023-07-05,4446.81982421875,71.25506,79.82455952962239
2023-07-06,4411.58984375,68.0162,79.62213134765625
2023-07-07,4398.9501953125,67.81377,78.07017517089844
2023-07-10,4409.52978515625,70.64777,76.51821899414062
2023-07-11,4439.259765625,74.2915,78.40755716959636
2023-07-12,4472.16015625,76.11336,81.71390279134114
2023-07-13,4510.0400390625,76.72065,85.1551996866862
2023-07-14,4505.419921875,73.88664,86.30229949951172
2023-07-17,4522.7900390625,73.68421,85.49258168538411
2023-07-18,4554.97998046875,74.089066,84.3454818725586
2023-07-19,4565.72021484375,77.12551,84.75033823649089
2023-07-20,4534.8701171875,77.93523,86.7071533203125
2023-07-21,4536.33984375,78.74494,88.66396840413411
2023-07-24,4554.64013671875,79.1498,89.87854258219402
2023-07-25,4567.4599609375,79.1498,90.08097076416016
2023-07-26,4566.75,79.1498,89.81106313069661
2023-07-27,4537.41015625,76.92308,87.17948404947917
2023-07-28,4582.22998046875,76.92308,85.0202407836914
2023-07-31,4588.9599609375,77.732796,83.67071533203125
2023-08-01,4576.72998046875,75.7085,83.53576405843098
2023-08-02,4513.39013671875,74.69636,81.24156697591145
2023-08-03,4501.89013671875,72.267204,76.58569590250652
2023-08-04,4478.02978515625,68.82591,70.64777374267578
2023-08-07,4518.43994140625,72.06477,68.15114847819011
2023-08-08,4499.3798828125,69.63563,65.78947448730469
2023-08-09,4467.7099609375,70.44534,64.5749003092448
2023-08-10,4468.830078125,68.21863,61.53846232096354
2023-08-11,4464.0498046875,69.230774,59.5141716003418
2023-08-14,4489.72021484375,68.62348,58.29959615071615
2023-08-15,4437.85986328125,63.96761,54.385964711507164
2023-08-16,4404.330078125,61.538464,49.59514236450195
2023-08-17,4370.35986328125,59.7166,42.51012166341146
2023-08-18,4369.7099609375,59.7166,38.866397857666016
2023-08-21,4399.77001953125,59.109314,36.90958150227865
2023-08-22,4387.5498046875,56.47773,36.23481750488281
2023-08-23,4436.009765625,57.692307,37.246962229410805
2023-08-24,4376.31005859375,56.47773,35.964911142985024
2023-08-25,4405.7099609375,57.28745,36.63967514038086
2023-08-28,4433.31005859375,59.109314,36.43724568684896
2023-08-29,4497.6298828125,63.15789,41.22806930541992
2023-08-30,4514.8701171875,63.76518,45.951416015625
2023-08-31,4507.66015625,62.753033,48.380566914876304
2023-09-01,4515.77001953125,64.37247,48.98785400390625
2023-09-05,4496.830078125,59.7166,45.344130198160805
2023-09-06,4465.47998046875,59.109314,42.17273966471354
2023-09-07,4451.14013671875,57.08502,38.66396840413412
2023-09-08,4457.490234375,57.08502,38.25910949707031
2023-09-11,4487.4599609375,57.894737,39.27125549316406
2023-09-12,4461.89990234375,57.894737,39.068826039632164
2023-09-13,4467.43994140625,58.097164,38.93387349446615
2023-09-14,4505.10009765625,62.145752,39.9460194905599
2023-09-15,4450.31982421875,60.323887,39.74359003702799
2023-09-18,4453.52978515625,59.31174,39.87854258219401
2023-09-19,4443.9501953125,58.097164,37.17948659261068
2023-09-20,4402.2001953125,57.48988,35.69500605265299
2023-09-21,4330.0,51.417004,30.36437161763509
2023-09-22,4320.06005859375,50.0,25.573548634847004
2023-09-25,4337.43994140625,50.60729,22.33468246459961
2023-09-26,4273.52978515625,45.951416,20.377867380777996
2023-09-27,4274.509765625,46.356277,19.365721384684246
2023-09-28,4299.7001953125,47.57085,19.163292566935223
2023-09-29,4288.0498046875,46.963562,20.107962290445965
2023-10-02,4288.39013671875,45.951416,19.230770111083984
2023-10-03,4229.4501953125,42.71255,15.1821870803833
2023-10-04,4263.75,43.838387,13.553075154622396
2023-10-05,4258.18994140625,43.030304,13.475238164265951
2023-10-06,4308.5,44.444447,17.037036577860516
2023-10-09,4335.66015625,46.868687,21.1447811126709
2023-10-10,4358.240234375,49.89899,25.79124577840169
2023-10-11,4376.9501953125,49.09091,30.30303128560384
2023-10-12,4349.60986328125,46.464645,31.582491556803387
2023-10-13,4327.77978515625,44.848484,31.31313133239746
2023-10-16,4373.6298828125,48.080807,31.17845090230306
2023-10-17,4373.2001953125,49.09091,33.468013763427734
2023-10-18,4314.60009765625,44.444447,33.80471420288086
2023-10-19,4278.0,42.424244,29.764309565226238
2023-10-20,4224.16015625,37.575756,23.03030268351237
2023-10-23,4217.0400390625,36.161617,18.24915822347005
2023-10-24,4247.68017578125,37.17172,17.037036895751953
2023-10-25,4186.77001953125,33.939396,16.700336456298828
2023-10-26,4137.22998046875,33.131313,16.767676035563152
2023-10-27,4117.3701171875,29.292929,14.141413688659668
2023-10-30,4166.81982421875,32.92929,14.074074109395346
2023-10-31,4193.7998046875,36.767677,16.228956540425617
2023-11-01,4237.85986328125,39.59596,21.75084177652995
2023-11-02,4317.77978515625,45.858585,30.707070032755535
2023-11-03,4358.33984375,49.292927,41.14478047688802
2023-11-06,4365.97998046875,47.474747,48.35016886393229
2023-11-07,4378.3798828125,46.262627,50.43771235148112
2023-11-08,4382.77978515625,45.656567,49.090911865234375
2023-11-09,4347.35009765625,43.636364,47.609429677327476
2023-11-10,4415.240234375,46.868687,49.22559102376302
2023-11-13,4411.5498046875,47.070705,50.505051930745445
2023-11-14,4495.7001953125,56.565655,59.25925954182943
2023-11-15,4502.8798828125,57.171715,65.31986618041992
2023-11-16,4508.240234375,56.363636,70.84175109863281
2023-11-17,4514.02001953125,58.9899,71.71717325846355
2023-11-20,4547.3798828125,59.191917,72.79461161295573
2023-11-21,4538.18994140625,59.393944,74.27609252929688
2023-11-22,4556.6201171875,61.41414,75.21885172526042
2023-11-24,4559.33984375,63.434345,76.29629262288411
2023-11-27,4550.43017578125,62.0202,77.5757548014323
2023-11-28,4554.89013671875,62.62626,78.24915822347005
2023-11-29,4550.580078125,64.64646,78.11448160807292
2023-11-30,4567.7998046875,65.85858,79.19192250569661
2023-12-01,4594.6298828125,72.121216,81.81818389892578
2023-12-04,4569.77978515625,71.71717,84.17508443196614
2023-12-05,4567.18017578125,67.47475,84.98316446940105
2023-12-06,4549.33984375,68.08081,83.2323226928711
2023-12-07,4585.58984375,69.09091,82.08754221598308
2023-12-08,4604.3701171875,71.31313,82.08754221598308
2023-12-11,4622.43994140625,73.13131,83.83838399251302
2023-12-12,4643.7001953125,72.323235,84.98316446940105
2023-12-13,4707.08984375,78.78788,87.07070668538411
2023-12-14,4719.5498046875,81.21212,87.94612884521484
2023-12-15,4719.18994140625,77.57575,88.6195297241211
2023-12-18,4740.56005859375,78.38384,88.3501714070638
2023-12-19,4768.3701171875,82.0202,88.88889058430989
2023-12-20,4698.35009765625,75.959595,88.21548970540364
2023-12-21,4746.75,78.58585,88.21548970540364
2023-12-22,4754.6298828125,78.9899,88.01347096761067
2023-12-26,4774.75,80.606064,89.6969706217448
2023-12-27,4781.580078125,80.80808,89.96632893880208
2023-12-28,4783.35009765625,81.818184,89.89898681640625
2023-12-29,4769.830078125,81.818184,89.83164978027344
2024-01-02,4742.830078125,82.828285,90.50505065917969
2024-01-03,4704.81005859375,80.80808,90.97643280029297
2024-01-04,4688.68017578125,79.79797,90.43771107991536
2024-01-05,4697.240234375,80.606064,89.02356974283855
2024-01-08,4763.5400390625,81.0101,88.95623016357422
2024-01-09,4756.5,80.20202,88.3501688639323
2024-01-10,4783.4501953125,80.404045,87.81144714355469
2024-01-11,4780.240234375,78.9899,85.85858408610027
2024-01-12,4783.830078125,79.19192,84.98316446940105
2024-01-16,4765.97998046875,77.17172,83.29966481526692
2024-01-17,4739.2099609375,73.73737,79.39394124348958
2024-01-18,4780.93994140625,74.747475,76.29629770914714
2024-01-19,4839.81005859375,74.747475,75.01683553059895
2024-01-22,4850.43017578125,74.94949,76.2289555867513
2024-01-23,4864.60009765625,74.747475,77.37373860677083
2024-01-24,4868.5498046875,73.535355,76.16161855061848
2024-01-25,4894.16015625,75.757576,76.4309794108073
2024-01-26,4890.97021484375,76.56566,76.02693684895833
2024-01-29,4927.93017578125,78.38384,77.77777608235677
2024-01-30,4924.97021484375,77.57575,77.71043395996094
2024-01-31,4845.64990234375,74.747475,74.14141082763672
2024-02-01,4906.18994140625,79.59596,72.25588989257812
2024-02-02,4958.60986328125,74.94949,68.75420633951823
2024-02-05,4942.81005859375,72.121216,67.07070541381836
2024-02-06,4954.22998046875,74.747475,64.64646530151367
2024-02-07,4995.06005859375,75.15151,64.24242528279622
2024-02-08,4997.91015625,74.14141,65.72390747070312
2024-02-09,5026.60986328125,74.34344,65.6565653483073
2024-02-12,5021.83984375,75.959595,66.4646479288737
2024-02-13,4953.169921875,71.31313,63.43434270222982
2024-02-14,5000.6201171875,73.73737,61.27946090698242
2024-02-15,5029.72998046875,75.959595,60.74074172973633
2024-02-16,5005.56982421875,74.34344,63.0976448059082
2024-02-20,4975.509765625,74.34344,64.57912699381511
2024-02-21,4981.7998046875,77.57575,64.64646402994792
2024-02-22,5087.02978515625,78.78788,66.39730707804362
2024-02-23,5088.7998046875,79.59596,68.95623016357422
2024-02-26,5069.52978515625,76.76768,68.41751098632812
2024-02-27,5078.18017578125,77.77778,67.94612884521484
2024-02-28,5069.759765625,77.17172,67.13804626464844
2024-02-29,5096.27001953125,80.0,69.02356719970703
2024-03-01,5137.080078125,79.19192,70.57239023844402
2024-03-04,5130.9501953125,79.59596,72.52525329589844
2024-03-05,5078.64990234375,78.18182,72.86195373535156
2024-03-06,5104.759765625,80.0,74.27609252929688
2024-03-07,5157.35986328125,81.818184,75.55555470784505
2024-03-08,5123.68994140625,82.42424,78.24915822347005
2024-03-11,5117.93994140625,84.44444,80.53872172037761
2024-03-12,5175.27001953125,83.43434,81.48148091634114
2024-03-13,5165.31005859375,83.43434,82.35690307617188
2024-03-14,5150.47998046875,81.616165,80.06733957926433
2024-03-15,5117.08984375,80.80808,77.64309692382812
2024-03-18,5149.419921875,81.616165,74.94949340820312
2024-03-19,5178.509765625,83.23232,74.94949340820312
2024-03-20,5224.6201171875,83.63636,76.96969604492188
2024-03-21,5241.52978515625,83.870964,79.54056549072266
2024-03-22,5234.18017578125,82.661285,80.16129048665364
2024-03-25,5218.18994140625,82.258064,79.23387145996094
2024-03-26,5203.580078125,80.88531,76.83128356933594
2024-03-27,5248.490234375,86.14458,78.60072835286458
2024-03-28,5254.35009765625,87.349396,81.30860137939453
2024-04-01,5243.77001953125,85.74297,83.33333333333333
2024-04-02,5205.81005859375,84.53815,80.92369333902995
2024-04-03,5211.490234375,82.53012,77.84471384684245
2024-04-04,5147.2099609375,81.3253,73.69478098551433
2024-04-05,5204.33984375,81.52611,72.89156595865886
2024-04-08,5202.39013671875,82.53012,72.4230219523112
2024-04-09,5209.91015625,85.34136,74.76572672526042
2024-04-10,5160.64013671875,79.31727,70.54886245727539
2024-04-11,5199.06005859375,78.71486,65.46184921264648
2024-04-12,5123.41015625,74.69879,55.890228271484375
2024-04-15,5061.81982421875,72.89157,48.12583541870117
2024-04-16,5051.41015625,71.48594,39.424363454182945
2024-04-17,5022.2099609375,72.088356,34.20348103841146
2024-04-18,5011.1201171875,71.88755,32.19544982910156
2024-04-19,4967.22998046875,73.69478,33.333333333333336
2024-04-22,5010.60009765625,77.51004,36.6800537109375
2024-04-23,5070.5498046875,79.11646,41.56626510620117
2024-04-24,5071.6298828125,79.11646,44.97991943359375
2024-04-25,5048.419921875,78.51406,45.983935038248696
2024-04-26,5099.9599609375,77.51004,46.31860605875651
2024-04-29,5116.169921875,79.518074,47.858099619547524
2024-04-30,5035.68994140625,75.50201,46.653280893961586
2024-05-01,5018.39013671875,73.69478,44.176709493001304
2024-05-02,5064.2001953125,75.50201,41.36546325683594
2024-05-03,5127.7900390625,76.706825,42.570281982421875
2024-05-06,5180.740234375,78.11245,46.787150065104164
2024-05-07,5187.7001953125,79.31727,50.602410634358726
2024-05-08,5187.669921875,78.51406,53.547524770100914
2024-05-09,5214.080078125,80.72289,55.7563591003418
2024-05-10,5222.68017578125,81.726906,57.630523681640625
2024-05-13,5221.419921875,81.3253,60.04016240437826
2024-05-14,5246.68017578125,81.92771,61.57965215047201
2024-05-15,5308.14990234375,82.329315,63.721553802490234
2024-05-16,5297.10009765625,82.931725,65.32797749837239
2024-05-17,5303.27001953125,83.53414,66.13118998209636
2024-05-20,5308.1298828125,83.33333,65.46184539794922
2024-05-21,5321.41015625,82.12851,65.06023915608723
2024-05-22,5307.009765625,81.1245,62.98527526855469
2024-05-23,5267.83984375,76.30522,58.09906260172526
2024-05-24,5304.72021484375,76.706825,54.484606424967446
2024-05-28,5306.0400390625,73.89558,50.20080312093099
2024-05-29,5266.9501953125,70.28113,47.38955815633138
2024-05-30,5235.47998046875,71.084335,44.97991816202799
2024-05-31,5277.509765625,74.8996,47.255688985188804
2024-06-03,5283.39990234375,74.8996,50.80321248372396
2024-06-04,5291.33984375,74.09639,52.342706044514976
2024-06-05,5354.02978515625,74.09639,52.14190165201823
2024-06-06,5352.9599609375,73.293175,52.40963999430338
2024-06-07,5346.990234375,71.88755,52.61044184366862
2024-06-10,5360.7900390625,72.48996,52.54350789388021
2024-06-11,5375.31982421875,71.48594,51.27175267537435
2024-06-12,5421.02978515625,72.48996,51.67335891723633
2024-06-13,5433.740234375,72.289154,51.004014333089195
2024-06-14,5431.60009765625,70.88354,50.33467102050781
2024-06-17,5473.22998046875,72.088356,49.598392486572266
2024-06-18,5487.02978515625,72.48996,50.13386917114258
2024-06-20,5473.169921875,73.293175,53.0120480855306
2024-06-21,5464.6201171875,74.69879,55.22088368733724
2024-06-24,5447.8701171875,75.1004,58.16599655151367
2024-06-25,5469.2998046875,73.49397,57.295850118001304
2024-06-26,5477.89990234375,71.48594,54.88621139526367
2024-06-27,5482.8701171875,71.88755,51.807228088378906
2024-06-28,5460.47998046875,72.89157,50.93708165486654
2024-07-01,5475.08984375,70.28113,49.19678751627604
2024-07-02,5509.009765625,69.87952,48.058902740478516
2024-07-03,5537.02001953125,69.67871,47.5234260559082
2024-07-05,5567.18994140625,69.07631,48.52744166056315
2024-07-08,5572.85009765625,68.8755,48.192770640055336
2024-07-09,5576.97998046875,67.670685,47.45649210611979
2024-07-10,5633.91015625,70.88354,49.59839375813802
2024-07-11,5584.5400390625,73.89558,55.2878163655599
2024-07-12,5615.35009765625,77.51004,63.58768208821615
2024-07-15,5631.22021484375,77.51004,68.9424336751302
2024-07-16,5667.2001953125,81.3253,73.22623697916667
2024-07-17,5588.27001953125,82.12851,74.89959716796875
2024-07-18,5544.58984375,79.518074,75.23427073160808
2024-07-19,5505.0,77.30924,70.88353474934895
2024-07-22,5564.41015625,78.51406,69.00937143961589
2024-07-23,5555.740234375,75.90361,68.54082997639973
2024-07-24,5427.1298828125,75.1004,66.73360061645508
2024-07-25,5399.22021484375,75.50201,63.72155253092448
2024-07-26,5459.10009765625,79.71887,63.78848520914713
2024-07-29,5463.5400390625,78.71486,67.33600997924805
2024-07-30,5436.43994140625,79.91968,69.67871602376302
2024-07-31,5522.2998046875,81.726906,70.8166020711263
2024-08-01,5446.68017578125,76.90763,68.2730941772461
2024-08-02,5346.56005859375,70.88354,63.31994756062826
2024-08-05,5186.330078125,64.45783,52.87818145751953
2024-08-06,5240.02978515625,66.86747,47.9919687906901
2024-08-07,5199.5,63.855423,44.97991943359375
2024-08-08,5319.31005859375,70.481926,48.86211395263672
2024-08-09,5344.16015625,70.28113,52.074965159098305
2024-08-12,5344.39013671875,67.87149,54.953145345052086
2024-08-13,5434.43017578125,71.48594,56.69343948364258
2024-08-14,5455.2099609375,70.68273,57.295850118001304
2024-08-15,5543.22021484375,75.30121,61.57965342203776
2024-08-16,5554.25,75.90361,65.12717692057292
2024-08-19,5608.25,77.710846,69.87951914469402
2024-08-20,5597.1201171875,76.50603,71.28514099121094
2024-08-21,5620.85009765625,79.31727,73.22623952229817
2024-08-22,5570.64013671875,77.51004,72.8246332804362
2024-08-23,5634.60986328125,79.91968,75.76974487304688
2024-08-26,5616.83984375,80.32129,76.639892578125
2024-08-27,5625.7998046875,79.71887,78.1124496459961
2024-08-28,5592.18017578125,78.51406,76.97456614176433
2024-08-29,5591.9599609375,79.31727,77.10843404134114
2024-08-30,5648.39990234375,81.52611,78.71485900878906
2024-09-03,5528.93017578125,77.710846,76.84069569905598
2024-09-04,5520.06982421875,76.30522,73.82864888509114
2024-09-05,5503.41015625,73.49397,68.67470041910808
2024-09-06,5408.419921875,70.28113,64.39089711507161
2024-09-09,5471.0498046875,73.69478,62.65060170491537
2024-09-10,5495.52001953125,72.89157,61.713521321614586
2024-09-11,5554.1298828125,73.293175,64.59170023600261
2024-09-12,5595.759765625,74.69879,66.80053456624348
2024-09-13,5626.02001953125,76.706825,70.14725240071614
2024-09-16,5633.08984375,76.90763,73.29316965738933
2024-09-17,5634.580078125,78.51406,75.76974232991536
2024-09-18,5618.259765625,78.11245,76.50602213541667
2024-09-19,5713.64013671875,81.726906,79.65193939208984
2024-09-20,5702.5498046875,78.51406,80.32128397623698
2024-09-23,5718.56982421875,79.31727,82.6639887491862
2024-09-24,5732.93017578125,80.12048,81.65997314453125
2024-09-25,5722.259765625,77.30924,81.12449900309245
2024-09-26,5745.3701171875,80.92369,81.39223734537761
2024-09-27,5738.169921875,83.33333,82.32932027180989
2024-09-30,5762.47998046875,82.53012,85.07362874348958
2024-10-01,5708.75,79.518074,84.33734893798828
2024-10-02,5709.5400390625,79.31727,82.39625040690105
2024-10-03,5699.93994140625,77.51004,78.58099110921223
2024-10-04,5751.06982421875,79.518074,77.3761723836263
2024-10-07,5695.93994140625,76.50603,74.43105824788411
2024-10-08,5751.1298828125,76.10442,73.360107421875
2024-10-09,5792.0400390625,78.313255,73.02543385823567
2024-10-10,5780.0498046875,77.51004,74.0963846842448
2024-10-11,5815.02978515625,79.91968,76.50602213541667
2024-10-14,5859.85009765625,82.329315,78.4471206665039
2024-10-15,5815.259765625,81.1245,80.38821919759114
2024-10-16,5842.47021484375,82.329315,80.78982798258464
2024-10-17,5841.47021484375,81.3253,79.31727091471355
2024-10-18,5864.669921875,82.12851,79.31727091471355
2024-10-21,5853.97998046875,80.12048,76.77376047770183
2024-10-22,5851.2001953125,78.51406,73.49397532145183
2024-10-23,5797.419921875,76.90763,69.41097513834636
2024-10-24,5809.85986328125,75.70281,66.73360188802083
2024-10-25,5808.1201171875,74.69879,63.721553802490234
2024-10-28,5823.52001953125,76.30522,61.98125966389974
2024-10-29,5832.919921875,75.30121,59.43775177001953
2024-10-30,5813.669921875,74.29719,58.90227508544922
2024-10-31,5705.4501953125,71.686745,55.02007929484049
2024-11-01,5728.7998046875,72.289154,53.480587005615234
2024-11-04,5712.68994140625,73.49397,51.606424967447914
2024-11-05,5782.759765625,74.69879,54.14993413289388
2024-11-06,5929.0400390625,77.30924,58.36680221557617
2024-11-07,5973.10009765625,77.10843,63.52075068155924
2024-11-08,5995.5400390625,77.10843,67.00133768717448
2024-11-11,6001.35009765625,76.50603,67.80455017089844
2024-11-12,5983.990234375,74.8996,67.00133768717448
2024-11-13,5985.3798828125,74.8996,66.13119252522786
2024-11-14,5949.169921875,74.69879,64.3239631652832
2024-11-15,5870.6201171875,71.28514,62.11512756347656
2024-11-18,5893.6201171875,72.89157,60.441766103108726
2024-11-19,5916.97998046875,72.088356,58.835341135660805
2024-11-20,5917.10986328125,72.48996,59.303881327311196
2024-11-21,5948.7099609375,74.49799,60.70950444539388
2024-11-22,5969.33984375,75.50201,63.92235565185547
2024-11-25,5987.3701171875,79.11646,67.87148539225261
2024-11-26,6021.6298828125,78.11245,70.4149907430013
2024-11-27,5998.740234375,78.71486,72.62382507324219
2024-11-29,6032.3798828125,78.71486,73.42704010009766
2024-12-02,6047.14990234375,79.11646,73.09236907958984
2024-12-03,6049.8798828125,77.51004,71.08433787027995
2024-12-04,6086.490234375,77.10843,68.54082743326823
2024-12-05,6075.10986328125,75.70281,65.6626485188802
2024-12-06,6090.27001953125,75.30121,63.92235565185547
2024-12-09,6052.85009765625,75.50201,62.2489980061849
2024-12-10,6034.91015625,72.48996,60.240966796875
2024-12-11,6084.18994140625,71.084335,57.69745763142904
2024-12-12,6051.25,70.68273,55.087014516194664
2024-12-13,6051.08984375,70.08032,53.212849934895836
2024-12-16,6074.080078125,67.26907,51.07094955444336
2024-12-17,6050.60986328125,66.66667,47.18875503540039
2024-12-18,5872.16015625,58.83534,37.41633288065592
2024-12-19,5867.080078125,58.433735,29.250335057576496
2024-12-20,5930.85009765625,60.64257,24.832663853963215
2024-12-23,5974.06982421875,60.843372,27.04149881998698
2024-12-24,6040.0400390625,62.249,30.6559575398763
2024-12-26,6037.58984375,62.249,32.530120849609375
2024-12-27,5970.83984375,61.646587,32.73092397054037
2024-12-30,5906.93994140625,59.638554,28.44712193806966
2024-12-31,5881.6298828125,59.839355,24.297189076741535
2025-01-02,5868.5498046875,58.634537,21.419010162353516
2025-01-03,5942.47021484375,59.43775,23.2262388865153
2025-01-06,5975.3798828125,58.634537,24.832664489746094
2025-01-07,5909.02978515625,57.63052,26.773762385050457
2025-01-08,5918.25,59.03614,26.907630920410156
2025-01-10,5827.0400390625,54.81928,24.297189076741535
2025-01-13,5836.22021484375,57.429718,22.423025767008465
2025-01-14,5842.91015625,61.044174,22.222222646077473
2025-01-15,5949.91015625,61.445786,27.376171747843426
2025-01-16,5937.33984375,64.05622,33.6680056254069
2025-01-17,5996.66015625,64.05622,39.35743077596029
2025-01-21,6049.240234375,66.46586,46.31860860188802
2025-01-22,6086.3701171875,65.26104,50.267739613850914
2025-01-23,6118.7099609375,65.26104,53.94913101196289
2025-01-24,6101.240234375,65.26104,53.88219706217448
2025-01-27,6012.27978515625,69.27711,57.56358846028646
2025-01-28,6067.7001953125,67.46988,57.96519470214844
2025-01-29,6039.31005859375,65.26104,57.295851389567055
2025-01-30,6071.169921875,67.46988,56.024096171061196
2025-01-31,6040.52978515625,65.86346,55.02008056640625
2025-02-03,5994.56982421875,64.45783,53.815260569254555
2025-02-04,6037.8798828125,64.25703,50.93708165486654
2025-02-05,6061.47998046875,65.26104,51.53949101765951
2025-02-06,6083.56982421875,63.65462,53.48058827718099
2025-02-07,6025.990234375,63.052208,54.41767120361328
2025-02-10,6066.43994140625,63.45382,54.016064961751304
2025-02-11,6068.5,64.05622,54.08299891153971
2025-02-12,6051.97021484375,61.84739,53.27978642781576
2025-02-13,6115.06982421875,63.727455,54.379441579182945
2025-02-14,6114.6298828125,63.126255,55.010423024495445
2025-02-18,6129.580078125,64.52905,58.31663258870443
2025-02-19,6144.14990234375,65.73147,59.71943918863932
2025-02-20,6117.52001953125,64.92986,60.38744227091471
2025-02-21,6013.1298828125,61.92385,58.116233825683594
2025-02-24,5983.25,62.32465,55.7782236735026
2025-02-25,5955.25,62.92585,53.77421569824219
2025-02-26,5956.06005859375,61.723446,53.70741399129232
2025-02-27,5861.56982421875,59.91984,51.97060775756836
2025-02-28,5954.5,61.92385,52.37140909830729
2025-03-03,5849.72021484375,59.318638,50.16700108846029
2025-03-04,5778.14990234375,52.50501,47.36138916015625
2025-03-05,5842.6298828125,55.51102,44.2217763264974
2025-03-06,5738.52001953125,51.102203,42.35136922200521
2025-03-07,5770.2001953125,54.308617,43.954575856526695
2025-03-10,5614.56005859375,47.29459,42.284568786621094
2025-03-11,5572.06982421875,42.885773,39.14495595296224
2025-03-12,5599.2998046875,41.082165,33.93453470865885
2025-03-13,5521.52001953125,36.87375,29.392117182413738
2025-03-14,5638.93994140625,42.084167,29.52571678161621
2025-03-17,5675.1201171875,47.49499,32.197727839152016
2025-03-18,5614.66015625,45.09018,35.40414047241211
2025-03-19,5675.2900390625,47.69539,37.87575022379557
2025-03-20,5662.89013671875,46.492985,37.7421506245931
2025-03-21,5667.56005859375,44.088177,36.80694707234701
2025-03-24,5767.56982421875,50.901806,36.74014790852865
2025-03-25,5776.64990234375,50.501,37.60854975382487
2025-03-26,5712.2001953125,49.8998,40.480960845947266
2025-03-27,5693.31005859375,47.49499,40.41416041056315
2025-03-28,5580.93994140625,42.68537,38.34335199991862
2025-03-31,5611.85009765625,44.889782,37.20774714152018
2025-04-01,5633.06982421875,45.29058,37.408148447672524
2025-04-02,5670.97021484375,49.298595,39.87975947062174
2025-04-03,5396.52001953125,36.87375,37.274550120035805
2025-04-04,5074.080078125,23.046093,27.722111701965332
2025-04-07,5062.25,19.839678,16.16566514968872
2025-04-08,4982.77001953125,18.637274,7.882431666056315
2025-04-09,5456.89990234375,31.663326,9.218436559041342
2025-04-10,5268.0498046875,26.653307,11.756846904754639
2025-04-11,5363.35986328125,29.258516,16.032063802083332
2025-04-14,5405.97021484375,32.06413,19.10487651824951
2025-04-15,5396.6298828125,31.663326,22.578489939371746
2025-04-16,5275.7001953125,29.45892,23.246493021647137
2025-04-17,5282.7001953125,31.663326,23.046091715494793
2025-04-21,5158.2001953125,26.252504,19.906479199727375
2025-04-22,5287.759765625,30.661324,20.908483187357586
2025-04-23,5375.85986328125,31.262526,22.110888481140137
2025-04-24,5484.77001953125,34.66934,28.456913630167644
2025-04-25,5525.2099609375,35.871742,32.064127604166664
2025-04-28,5528.75,36.072144,35.136940002441406
2025-04-29,5560.830078125,37.67535,37.7421506245931
2025-04-30,5569.06005859375,37.67535,40.94856389363607
2025-05-01,5604.14013671875,39.278557,43.286572774251304
2025-05-02,5686.669921875,44.889782,48.897796630859375
2025-05-05,5650.3798828125,44.288578,53.239813486735024
2025-05-06,5606.91015625,41.482967,56.713427225748696
2025-05-07,5631.27978515625,44.889782,56.379425048828125
2025-05-08,5663.93994140625,45.691383,58.3834342956543
2025-05-09,5659.91015625,45.29058,61.923849741617836
2025-05-12,5844.18994140625,54.509018,67.33467229207356
2025-05-13,5886.5498046875,54.509018,70.40748341878255
2025-05-14,5892.580078125,53.707417,71.40948486328125
2025-05-15,5916.93017578125,57.51503,72.21108754475911
2025-05-16,5958.3798828125,60.52104,75.35070037841797
2025-05-19,5963.60009765625,59.118237,79.95992024739583
2025-05-20,5940.4599609375,57.915833,81.62992604573567
2025-05-21,5844.60986328125,51.703407,77.48830922444661
2025-05-22,5842.009765625,51.302605,72.21109008789062
2025-05-23,5802.81982421875,48.296593,66.66666920979817
2025-05-27,5921.5400390625,54.509018,68.87107849121094
2025-05-28,5888.5498046875,51.50301,69.87308247884114
2025-05-29,5912.169921875,52.304607,71.87709045410156
2025-05-30,5911.68994140625,53.306614,71.14228820800781
2025-06-02,5935.93994140625,52.705414,72.34469095865886
2025-06-03,5970.3701171875,53.50701,73.61389414469402
2025-06-04,5970.81005859375,53.106213,73.74749501546223
2025-06-05,5939.2998046875,51.102203,73.41349283854167
2025-06-06,6000.35986328125,54.308617,73.88109588623047
2025-06-09,6005.8798828125,54.308617,74.74949900309245
2025-06-10,6038.81005859375,56.513023,77.62191009521484
2025-06-11,6022.240234375,55.11022,78.49031321207683
2025-06-12,6045.259765625,55.91182,79.95992024739583
2025-06-13,5976.97021484375,52.10421,78.2899169921875
2025-06-16,6033.10986328125,55.711426,77.68871307373047
2025-06-17,5982.72021484375,51.90381,74.14829762776692
2025-06-18,5980.8701171875,51.102203,71.74348449707031
2025-06-20,5967.83984375,51.90381,68.93787384033203
2025-06-23,6025.169921875,55.11022,70.2738774617513
2025-06-24,6092.18017578125,57.114227,73.6138916015625
2025-06-25,6092.16015625,53.306614,74.14829508463542
2025-06-26,6141.02001953125,57.51503,73.61389414469402
2025-06-27,6173.06982421875,58.517033,72.47829182942708
2025-06-30,6204.9501953125,59.91984,74.61590067545573
2025-07-01,6198.009765625,64.32866,78.02271270751953
2025-07-02,6227.419921875,65.73147,79.49231719970703
2025-07-03,6279.35009765625,67.13427,81.02872467041016
2025-07-07,6229.97998046875,63.727455,78.7575174967448
2025-07-08,6225.52001953125,64.92986,77.68871307373047
2025-07-09,6263.259765625,65.93186,75.81830342610677
2025-07-10,6280.4599609375,67.33467,75.88510386149089
2025-07-11,6259.75,65.93186,74.48229726155598
2025-07-14,6268.56005859375,64.72946,73.94789377848308
2025-07-15,6243.759765625,60.32064,69.67267608642578
2025-07-16,6263.7001953125,62.52505,68.06947072347005
2025-07-17,6297.35986328125,63.727455,66.66666666666667
2025-07-18,6296.7900390625,63.927853,68.93787638346355
2025-07-21,6305.60009765625,63.326653,68.87107594807942
2025-07-22,6309.6201171875,69.53908,70.87508392333984
2025-07-23,6358.91015625,70.74148,73.41349283854167
2025-07-24,6363.35009765625,69.33868,76.08550516764323
2025-07-25,6388.64013671875,70.34068,76.28590647379558
2025-07-28,6389.77001953125,67.33467,73.68069712320964
2025-07-29,6370.85986328125,67.53507,72.07748921712239
2025-07-30,6362.89990234375,64.32866,67.93587112426758
2025-07-31,6339.39013671875,61.322647,64.4622573852539
2025-08-01,6238.009765625,58.517033,58.784234364827476
2025-08-04,6329.93994140625,62.124245,56.51302591959635
2025-08-05,6299.18994140625,60.32064,55.444220225016274
2025-08-06,6345.06005859375,59.719437,55.97862243652344
2025-08-07,6340.0,59.91984,55.711421966552734
2025-08-08,6389.4501953125,61.523045,56.44622675577799
2025-08-11,6373.4501953125,60.721443,57.314629872639976
2025-08-12,6445.759765625,63.527054,59.45223744710287
2025-08-13,6466.580078125,68.73748,62.32464853922526
2025-08-14,6468.5400390625,65.73147,64.72945785522461
2025-08-15,6449.7998046875,64.92986,64.12825520833333
2025-08-18,6449.14990234375,64.12826,61.92384465535482
2025-08-19,6411.3701171875,67.53507,62.45824940999349
2025-08-20,6395.77978515625,67.53507,63.92785517374674
2025-08-21,6370.169921875,66.93387,64.52905782063802
2025-08-22,6466.91015625,72.94589,67.00066630045573
2025-08-25,6439.31982421875,69.53908,67.40146891276042
2025-08-26,6465.93994140625,69.93988,68.53707377115886
2025-08-27,6481.39990234375,70.541084,66.80026499430339
2025-08-28,6501.85986328125,69.73948,66.80026499430339
2025-08-29,6460.259765625,69.93988,66.59986623128255
2025-09-02,6415.5400390625,68.33667,63.9278564453125
2025-09-03,6448.259765625,67.935875,61.255845387776695
2025-09-04,6502.080078125,69.53908,59.65263748168945
2025-09-05,6481.5,69.33868,59.919839223225914
2025-09-08,6495.14990234375,67.735466,60.78824361165365
2025-09-09,6512.60986328125,66.533066,60.38744227091471
2025-09-10,6532.0400390625,65.93186,59.38543828328451
2025-09-11,6587.47021484375,70.541084,60.92184575398763
2025-09-12,6584.2900390625,68.53707,61.857049306233726
2025-09-15,6615.27978515625,66.13226,62.05745061238607
2025-09-16,6606.759765625,65.53107,58.24983342488607
2025-09-17,6600.35009765625,65.33066,56.379425048828125
2025-09-18,6631.9599609375,65.53107,56.780226389567055
2025-09-19,6664.35986328125,65.73147,58.58383305867513
2025-09-22,6693.75,66.13226,58.851034800211586
2025-09-23,6656.919921875,66.13226,59.185035705566406
2025-09-24,6637.97021484375,65.93186,58.116231282552086
2025-09-25,6604.72021484375,64.12826,56.37942377726237
2025-09-26,6643.7001953125,66.332664,55.64462153116862
2025-09-29,6661.2099609375,67.33467,56.17902501424154
2025-09-30,6688.4599609375,68.33667,58.851036071777344
2025-10-01,6711.2001953125,68.73748,59.05143610636393
2025-10-02,6715.35009765625,68.13628,59.25183614095052
2025-10-03,6715.7900390625,68.937874,59.85303751627604
2025-10-06,6740.27978515625,67.735466,60.320640563964844
2025-10-07,6714.58984375,67.735466,59.919839223225914
2025-10-08,6753.72021484375,67.13427,58.3834342956543
2025-10-09,6735.10986328125,65.73147,55.77822240193685
2025-10-10,6552.509765625,58.517033,49.63259760538737
2025-10-13,6654.72021484375,62.52505,45.29058074951172
2025-10-14,6644.31005859375,65.93186,44.82298024495443
2025-10-15,6671.06005859375,64.32866,48.7641970316569
2025-10-16,6629.06982421875,60.721443,47.895792643229164
2025-10-17,6664.009765625,62.92585,46.35938517252604
2025-10-20,6735.1298828125,65.73147,47.36138916015625
2025-10-21,6735.35009765625,67.33467,51.90380732218424
2025-10-22,6699.39990234375,67.33467,53.77421569824219
2025-10-23,6738.43994140625,68.13628,53.70741526285807
2025-10-24,6791.68994140625,66.332664,53.239813486735024
2025-10-27,6875.16015625,66.2,55.27187728881836
2025-10-28,6890.89013671875,63.4,53.769405364990234
2025-10-29,6890.58984375,57.4,50.13333384195963
2025-10-30,6822.33984375,57.4,45.0
2025-10-31,6840.2001953125,57.6,42.666666666666664
2025-11-03,6851.97021484375,57.0,41.733333587646484
2025-11-04,6771.5498046875,57.4,41.00000127156576
2025-11-05,6796.2900390625,56.6,40.73333485921224
2025-11-06,6720.31982421875,54.4,40.46666717529297
2025-11-07,6728.7998046875,57.6,42.0
2025-11-10,6832.43017578125,58.0,44.0
2025-11-11,6846.60986328125,60.8,47.800000508626304
2025-11-12,6850.919921875,60.600002,50.53333409627279
2025-11-13,6737.490234375,59.600002,49.93333307902018
2025-11-14,6734.10986328125,59.600002,47.666666666666664
2025-11-17,6672.41015625,55.4,42.46666590372721
2025-11-18,6617.31982421875,56.199997,40.06666692097982
2025-11-19,6642.16015625,55.0,37.46666590372721
2025-11-20,6538.759765625,52.0,35.59999974568685
2025-11-21,6602.990234375,57.0,36.53333282470703
2025-11-24,6705.1201171875,57.0,38.733333587646484
2025-11-25,6765.8798828125,61.199997,45.800000508626304
2025-11-26,6812.60986328125,61.6,51.266666412353516
2025-11-28,6849.08984375,62.800003,57.33333206176758
2025-12-01,6812.6298828125,61.4,57.59999974568685
2025-12-02,6829.3701171875,59.8,56.0
2025-12-03,6849.72021484375,62.6,54.06666819254557
2025-12-04,6857.1201171875,62.0,55.13333511352539
2025-12-05,6870.39990234375,63.800003,56.333335876464844
2025-12-08,6846.509765625,61.0,54.866668701171875
2025-12-09,6840.509765625,59.600002,52.06666692097982
2025-12-10,6886.68017578125,61.199997,51.86666742960612
2025-12-11,6901.0,64.600006,55.266666412353516
2025-12-12,6827.41015625,64.600006,58.86666742960612
2025-12-15,6816.509765625,64.600006,60.79999923706055
2025-12-16,6800.259765625,63.0,59.59999974568685
2025-12-17,6721.43017578125,63.0,59.59999974568685
2025-12-18,6774.759765625,63.6,58.40000025431315
2025-12-19,6834.5,62.0,58.53333409627279
2025-12-22,6878.490234375,63.800003,59.3999989827474
2025-12-23,6909.7900390625,62.800003,60.93333180745443
2025-12-24,6932.0498046875,64.0,62.599998474121094
2025-12-26,6929.93994140625,64.0,63.0
2025-12-29,6905.740234375,64.600006,63.866668701171875
2025-12-30,6896.240234375,64.600006,63.73333485921224
2025-12-31,6845.5,61.199997,61.6000010172526
2026-01-02,6858.47021484375,61.799995,59.99999872843424
2026-01-05,6902.0498046875,63.4,60.20000076293945
2026-01-06,6944.81982421875,65.8,63.86666742960612
2026-01-07,6920.93017578125,63.0,64.80000305175781
2026-01-08,6921.4599609375,66.6,67.4000015258789
2026-01-09,6966.27978515625,68.8,68.8000005086263
2026-01-12,6977.27001953125,68.2,71.53333282470703
2026-01-13,6963.740234375,67.6,70.73333231608073
2026-01-14,6926.60009765625,70.0,70.93333180745442
2026-01-15,6944.47021484375,71.6,71.66666412353516
2026-01-16,6940.009765625,70.200005,73.06666310628255
2026-01-20,6796.85986328125,66.399994,70.26666514078777
2026-01-21,6875.6201171875,70.200005,69.06666564941406
2026-01-22,6913.35009765625,70.0,68.0
2026-01-23,6915.60986328125,69.8,69.0
2026-01-26,6950.22998046875,70.200005,69.06666819254558
2026-01-27,6978.60009765625,68.6,68.2000020345052
2026-01-28,6978.02978515625,68.0,66.53333536783855
2026-01-29,6969.009765625,68.2,64.60000101725261
2026-01-30,6939.02978515625,68.0,64.60000101725261
2026-02-02,6976.43994140625,66.799995,66.13333384195964
2026-02-03,6917.81005859375,65.6,65.8000005086263
2026-02-04,6882.72021484375,69.4,66.13333384195964
2026-02-05,6798.39990234375,67.799995,65.53333536783855
2026-02-06,6932.2998046875,69.2,67.4000015258789
2026-02-09,6964.81982421875,69.4,67.46666717529297
2026-02-10,6941.81005859375,69.6,68.5999984741211
2026-02-11,6941.47021484375,69.8,67.93333180745442
2026-02-12,6832.759765625,66.799995,65.7999979654948
2026-02-13,6836.169921875,67.6,64.06666564941406
2026-02-17,6843.22021484375,66.399994,63.3999989827474
2026-02-18,6881.31005859375,68.6,65.06666564941406
2026-02-19,6861.89013671875,67.2,65.39999898274739
2026-02-20,6909.509765625,68.0,65.7999979654948
2026-02-23,6837.75,66.399994,64.13333129882812
2026-02-24,6890.06982421875,67.0,63.53333028157552
2026-02-25,6946.1298828125,66.0,62.46666463216146
2026-02-26,6908.85986328125,67.799995,63.86666615804037
2026-02-27,6878.8798828125,68.2,64.13333384195964
2026-03-02,6881.6201171875,68.0,63.800000508626304
2026-03-03,6816.6298828125,63.6,60.800000508626304
2026-03-04,6869.5,63.200005,59.20000076293945
2026-03-05,6830.7099609375,60.8,55.800000508626304
2026-03-06,6740.02001953125,57.8,51.800000508626304
2026-03-09,6795.990234375,58.0,47.13333384195963
2026-03-10,6781.47998046875,55.4,43.73333485921224
2026-03-11,6775.7998046875,54.4,41.86666742960612
2026-03-12,6672.6201171875,51.2,37.800000508626304
2026-03-13,6632.18994140625,50.6,34.800000508626304
2026-03-16,6699.3798828125,52.2,33.13333511352539
2026-03-17,6716.08984375,52.0,34.20000203450521
2026-03-18,6624.7001953125,49.399998,33.33333524068197
2026-03-19,6606.490234375,49.0,31.466667811075848
2026-03-20,6506.47998046875,46.0,26.533334096272785
2026-03-23,6581.0,49.0,24.799999872843426
2026-03-24,6556.3701171875,49.2,23.666667302449543
2026-03-25,6591.89990234375,49.2,26.0
2026-03-26,6477.16015625,48.0,25.333333333333332
2026-03-27,6368.85009765625,44.2,23.53333282470703
2026-03-30,6343.72021484375,45.0,20.933333079020183
2026-03-31,6528.52001953125,49.0,21.53333346048991
2026-04-01,6575.31982421875,49.399998,24.06666628519694
2026-04-02,6582.68994140625,49.6,27.599999109903973
2026-04-06,6611.830078125,49.399998,30.73333231608073
2026-04-07,6616.85009765625,50.0,31.73333231608073
2026-04-08,6782.81005859375,56.0,38.06666564941406
2026-04-09,6824.66015625,57.4,43.599998474121094
2026-04-10,6816.89013671875,54.2,48.3999989827474
2026-04-13,6886.240234375,57.200005,48.86666615804037
2026-04-14,6967.3798828125,58.0,50.13333384195963
2026-04-15,7022.9501953125,56.6,52.733333587646484
2026-04-16,7041.27978515625,56.800003,53.666666666666664
2026-04-17,7126.06005859375,62.0,56.0
2026-04-20,7109.14013671875,61.0,59.333334604899086
2026-04-21,7064.009765625,58.399998,60.86666742960612
2026-04-22,7137.89990234375,58.600002,58.93333307902018
2026-04-23,7108.39990234375,58.8,56.666665395100914
2026-04-24,7165.080078125,57.4,54.99999872843424
2026-04-27,7173.91015625,57.200005,53.86666615804037
2026-04-28,7138.7998046875,57.6,52.86666488647461
2026-04-29,7135.9501953125,56.4,51.86666615804037
2026-04-30,7209.009765625,58.399998,53.33333206176758
2026-05-01,7230.1201171875,58.2,54.199999491373696
2026-05-04,7200.75,55.4,54.93333307902018
2026-05-05,7259.22021484375,56.0,54.13333384195963
2026-05-06,7365.1201171875,58.0,54.53333536783854
2026-05-07,7337.10986328125,57.200005,55.13333511352539
2026-05-08,7398.93017578125,56.0,54.66666793823242
2026-05-11,7412.83984375,55.199997,52.733333587646484
2026-05-12,7400.9599609375,55.800003,51.93333307902018
2026-05-13,7444.25,54.8,49.93333307902018
2026-05-14,7501.240234375,55.4,48.86666615804037
2026-05-15,7408.5,52.600002,46.73333231608073
2026-05-18,7403.0498046875,56.4,48.53333282470703
2026-05-19,7353.60986328125,54.4,48.666666666666664
2026-05-20,7432.97021484375,56.800003,51.466668446858726
2026-05-21,7445.72021484375,57.6,52.6000010172526
2026-05-22,7473.47021484375,59.399998,56.0
2026-05-26,7519.1201171875,59.600002,56.93333307902018
2026-05-27,7520.35986328125,58.682632,57.229007720947266
2026-05-28,7563.6298828125,59.880238,56.79095204671224
2026-05-29,7580.06005859375,59.081833,56.15435791015625
2026-06-01,7599.9599609375,55.289425,55.02328872680664
2026-06-02,7609.77978515625,55.88822,53.62608210245768
2026-06-03,7553.68017578125,55.88822,52.228875478108726
2026-06-04,7584.31005859375,58.682632,53.22687784830729
2026-06-05,7383.740234375,59.281437,53.89221445719401
2026-06-08,7405.72998046875,57.884235,54.62408447265625
2026-06-09,7386.64990234375,60.878242,55.422489166259766
2026-06-10,7266.990234375,59.281437,54.29141743977865
2026-06-11,7394.2998046875,60.878242,55.555555979410805
2026-06-12,7431.4599609375,61.676643,56.420492808024086
2026-06-15,7554.2900390625,62.350594,60.56956481933594
2026-06-16,7511.35009765625,63.74502,63.519972483317055
2026-06-17,7420.10009765625,61.15538,61.420982360839844
2026-06-18,7500.580078125,60.956173,58.83134078979492
2026-06-22,7472.7900390625,59.960155,55.44488652547201
2026-06-23,7365.4599609375,61.354584,57.03851191202799
2026-06-24,7358.22021484375,63.147408,59.42894999186198
2026-06-25,7357.490234375,62.350594,62.01859029134115
2026-06-26,7354.02001953125,64.54183,63.41301345825195
2026-06-29,7440.43017578125,62.749004,63.74501927693685
2026-06-30,7499.35986328125,61.354584,63.34661356608073
2026-07-01,7483.22998046875,63.34661,63.213809967041016
2026-07-02,7483.240234375,67.13147,64.07702509562175
2026-07-06,7537.43017578125,67.13147,66.20185852050781
2026-07-07,7503.85009765625,67.33067,67.52987925211589
2026-07-08,7482.7099609375,64.143425,66.46746190388997
2026-07-09,7543.64013671875,64.54183,65.20584233601888
2026-07-10,7575.39013671875,66.932274,65.40504582722981
2026-07-13,7515.33984375,67.33067,66.00265502929688
2026-07-14,7543.58984375,66.13546,65.604248046875
2026-07-15,7572.39990234375,66.53387,63.545815785725914
2026-07-16,7533.77001953125,70.318726,64.14342371622722
2026-07-17,7457.68994140625,68.12749,64.40902837117513
2026-07-20,7443.27978515625,65.93626,64.40902837117513
2026-07-21,7509.2001953125,65.13944,61.81938807169596
2026-07-22,7498.9599609375,65.73705,61.28818003336588
2026-07-23,7408.2998046875,64.94024,60.35856628417969
2026-07-24,7411.97998046875,65.93626,62.217796325683594
2026-07-27,7413.18017578125,69.52191,64.40903091430664
2026-07-28,7428.77978515625,71.51395,68.72509765625
2026-07-29,7316.14990234375,69.52191,68.99070231119792
2026-07-30,7437.6298828125,68.7251,67.33067576090495
2026-07-31,7489.72021484375,67.529884,64.14342498779297
2026-08-03,7600.5,69.721115,63.81141916910807
2026-08-04,7736.52001953125,71.71315,65.20584106445312
2026-08-05,7723.5498046875,71.31474,66.8658676147461
2026-08-06,7709.9599609375,70.916336,66.73306528727214
2026-08-07,7757.64013671875,73.10757,66.00265502929688
2026-08-10,7753.10986328125,72.509964,65.47144826253255
2026-08-11,7728.2001953125,71.912346,65.27224477132161
2026-08-12,7748.5,71.31474,65.0066401163737
2026-08-13,7798.990234375,74.50199,65.9362564086914
2026-08-14,7785.759765625,74.30279,68.06109110514323
2026-08-17,7745.06005859375,71.31474,66.93227259318034
2026-08-18,7691.759765625,71.31474,64.27622858683269
2026-08-19,7707.97998046875,74.701195,61.28818130493164
2026-08-20,7641.16015625,73.10757,58.83134206136068
2026-08-21,7674.3701171875,72.31076,57.9681282043457
2026-08-24,7652.85986328125,74.103584,57.70252354939779
2026-08-25,7677.27978515625,72.11155,59.16334788004557
2026-08-26,7675.7001953125,72.509964,59.561753590901695
2026-08-27,7730.990234375,70.51793,57.304116566975914
2026-08-28,7711.759765625,71.31474,55.44488652547201
2026-08-31,7686.14013671875,68.12749,52.45683924357096
2026-09-01,7631.47021484375,65.338646,49.933600107828774
2026-09-02,7666.60009765625,66.13546,48.14077123006185
2026-09-03,7747.7099609375,68.32669,48.33997472127279
2026-09-04,7718.60009765625,66.73307,48.80478159586588
2026-09-08,7673.52001953125,62.5498,47.07835388183594
2026-09-09,7636.35986328125,59.561752,42.695883433024086
2026-09-10,7591.7001953125,57.37052,37.9814084370931
2026-09-11,7656.97998046875,59.163345,36.71978886922201
2026-09-14,7619.97998046875,58.964146,36.98539352416992
2026-09-15,7585.72998046875,56.374504,37.58300272623698
2026-09-16,7551.81005859375,53.187252,35.25896453857422
2026-09-17,7637.759765625,53.187252,32.86852582295736
2026-09-18,7650.5,52.191235,30.610889434814453
